entitlement_id,cust_id,product_id,event_type,event_date
E00001,C0074,P0464,contract_start,2025-08-01
E00001,C0074,P0464,kickoff,2025-08-05
E00001,C0074,P0464,first_login,2025-08-19
E00001,C0074,P0464,first_value,2025-09-09
E00001,C0074,P0464,core_complete,2025-11-15
E00002,C0013,P0405,contract_start,2025-04-01
E00002,C0013,P0405,kickoff,2025-04-10
E00002,C0013,P0405,first_login,2025-04-24
E00002,C0013,P0405,first_value,2025-05-13
E00002,C0013,P0405,core_complete,2025-08-07
E00003,C0047,P0249,contract_start,2025-02-01
E00003,C0047,P0249,kickoff,2025-02-18
E00003,C0047,P0249,first_login,2025-03-08
E00003,C0047,P0249,first_value,2025-03-06
E00003,C0047,P0249,core_complete,2025-04-04
E00004,C0037,P0444,contract_start,2025-01-01
E00004,C0037,P0444,kickoff,2025-01-12
E00004,C0037,P0444,first_login,2025-02-03
E00004,C0037,P0444,first_value,2025-03-07
E00004,C0037,P0444,core_complete,2025-04-16
E00005,C0007,P0454,contract_start,2025-06-01
E00005,C0007,P0454,kickoff,2025-06-20
E00005,C0007,P0454,first_login,2025-07-04
E00005,C0007,P0454,first_value,2025-06-11
E00006,C0001,P0293,contract_start,2025-11-01
E00006,C0001,P0293,kickoff,2025-11-21
E00006,C0001,P0293,first_login,2025-11-13
E00006,C0001,P0293,first_value,2025-12-22
E00006,C0001,P0293,core_complete,2026-03-07
E00007,C0096,P0047,contract_start,2025-09-01
E00007,C0096,P0047,kickoff,2025-09-08
E00007,C0096,P0047,first_login,2025-09-21
E00007,C0096,P0047,first_value,2025-10-08
E00007,C0096,P0047,core_complete,2026-01-01
E00008,C0097,P0378,contract_start,2025-05-01
E00008,C0097,P0378,kickoff,2025-05-15
E00008,C0097,P0378,first_login,2025-06-04
E00008,C0097,P0378,first_value,2025-05-27
E00008,C0097,P0378,core_complete,2025-06-29
E00009,C0016,P0112,contract_start,2025-11-01
E00009,C0016,P0112,kickoff,2025-11-15
E00009,C0016,P0112,first_login,2025-11-19
E00009,C0016,P0112,first_value,2026-01-01
E00009,C0016,P0112,core_complete,2026-03-19
E00010,C0046,P0131,contract_start,2025-03-01
E00010,C0046,P0131,kickoff,2025-03-20
E00010,C0046,P0131,first_login,2025-03-29
E00010,C0046,P0131,first_value,2025-05-06
E00010,C0046,P0131,core_complete,2025-06-28
E00011,C0029,P0217,contract_start,2025-05-01
E00011,C0029,P0217,kickoff,2025-05-22
E00011,C0029,P0217,first_login,2025-05-09
E00011,C0029,P0217,first_value,2025-06-05
E00011,C0029,P0217,core_complete,2025-06-30
E00012,C0012,P0367,contract_start,2025-04-01
E00013,C0084,P0340,contract_start,2024-12-01
E00013,C0084,P0340,kickoff,2024-12-14
E00013,C0084,P0340,first_login,2025-01-04
E00013,C0084,P0340,first_value,2025-01-09
E00013,C0084,P0340,core_complete,2025-03-18
E00014,C0071,P0197,contract_start,2025-10-01
E00014,C0071,P0197,kickoff,2025-10-16
E00014,C0071,P0197,first_login,2025-10-11
E00014,C0071,P0197,first_value,2025-10-19
E00015,C0064,P0351,contract_start,2025-11-01
E00015,C0064,P0351,kickoff,2025-11-04
E00015,C0064,P0351,first_login,2025-12-04
E00015,C0064,P0351,first_value,2026-01-05
E00015,C0064,P0351,core_complete,2026-03-21
E00016,C0060,P0466,contract_start,2025-03-01
E00016,C0060,P0466,kickoff,2025-03-21
E00016,C0060,P0466,first_login,2025-03-17
E00016,C0060,P0466,first_value,2025-04-27
E00016,C0060,P0466,core_complete,2025-06-17
E00017,C0033,P0422,contract_start,2025-04-01
E00017,C0033,P0422,kickoff,2025-04-04
E00017,C0033,P0422,first_login,2025-04-24
E00017,C0033,P0422,first_value,2025-05-27
E00017,C0033,P0422,core_complete,2025-07-12
E00018,C0039,P0451,contract_start,2025-02-01
E00018,C0039,P0451,kickoff,2025-02-17
E00018,C0039,P0451,first_login,2025-03-02
E00018,C0039,P0451,first_value,2025-03-11
E00018,C0039,P0451,core_complete,2025-05-02
E00019,C0093,P0482,contract_start,2025-04-01
E00019,C0093,P0482,kickoff,2025-04-04
E00019,C0093,P0482,first_login,2025-04-22
E00019,C0093,P0482,first_value,2025-04-24
E00019,C0093,P0482,core_complete,2025-06-17
E00020,C0031,P0449,contract_start,2025-06-01
E00021,C0067,P0181,contract_start,2025-11-01
E00021,C0067,P0181,kickoff,2025-11-10
E00021,C0067,P0181,first_login,2025-11-19
E00021,C0067,P0181,first_value,2026-01-15
E00021,C0067,P0181,core_complete,2026-03-31
E00022,C0004,P0015,contract_start,2025-08-01
E00022,C0004,P0015,kickoff,2025-08-14
E00023,C0051,P0070,contract_start,2025-02-01
E00023,C0051,P0070,kickoff,2025-02-20
E00023,C0051,P0070,first_login,2025-03-04
E00023,C0051,P0070,first_value,2025-04-07
E00023,C0051,P0070,core_complete,2025-06-13
E00024,C0057,P0043,contract_start,2025-10-01
E00024,C0057,P0043,kickoff,2025-10-18
E00024,C0057,P0043,first_login,2025-11-01
E00024,C0057,P0043,first_value,2025-11-11
E00024,C0057,P0043,core_complete,2026-01-17
E00025,C0058,P0352,contract_start,2025-08-01
E00025,C0058,P0352,kickoff,2025-08-19
E00025,C0058,P0352,first_login,2025-08-23
E00025,C0058,P0352,first_value,2025-09-07
E00025,C0058,P0352,core_complete,2025-11-03
E00026,C0081,P0377,contract_start,2025-05-01
E00026,C0081,P0377,kickoff,2025-05-13
E00026,C0081,P0377,first_login,2025-06-05
E00026,C0081,P0377,first_value,2025-07-05
E00026,C0081,P0377,core_complete,2025-08-11
E00027,C0025,P0102,contract_start,2025-10-01
E00027,C0025,P0102,kickoff,2025-10-20
E00027,C0025,P0102,first_login,2025-10-22
E00027,C0025,P0102,first_value,2025-10-30
E00027,C0025,P0102,core_complete,2026-01-23
E00028,C0034,P0484,contract_start,2025-02-01
E00028,C0034,P0484,kickoff,2025-02-11
E00028,C0034,P0484,first_login,2025-02-23
E00028,C0034,P0484,first_value,2025-03-31
E00028,C0034,P0484,core_complete,2025-04-12
E00029,C0068,P0499,contract_start,2024-12-01
E00029,C0068,P0499,kickoff,2024-12-19
E00029,C0068,P0499,first_login,2024-12-09
E00029,C0068,P0499,first_value,2025-02-04
E00029,C0068,P0499,core_complete,2025-04-01
E00030,C0053,P0317,contract_start,2025-11-01
E00030,C0053,P0317,kickoff,2025-11-13
E00030,C0053,P0317,first_login,2025-11-25
E00030,C0053,P0317,first_value,2025-11-22
E00031,C0062,P0088,contract_start,2025-02-01
E00032,C0055,P0476,contract_start,2025-08-01
E00032,C0055,P0476,kickoff,2025-08-12
E00032,C0055,P0476,first_login,2025-08-31
E00032,C0055,P0476,first_value,2025-09-08
E00032,C0055,P0476,core_complete,2025-11-12
E00033,C0008,P0105,contract_start,2025-07-01
E00033,C0008,P0105,kickoff,2025-07-17
E00033,C0008,P0105,first_login,2025-07-12
E00033,C0008,P0105,first_value,2025-08-02
E00033,C0008,P0105,core_complete,2025-10-04
E00034,C0055,P0196,contract_start,2025-04-01
E00034,C0055,P0196,kickoff,2025-04-19
E00034,C0055,P0196,first_login,2025-04-11
E00034,C0055,P0196,first_value,2025-04-21
E00034,C0055,P0196,core_complete,2025-07-15
E00035,C0083,P0145,contract_start,2025-03-01
E00035,C0083,P0145,kickoff,2025-03-11
E00035,C0083,P0145,first_login,2025-03-18
E00035,C0083,P0145,first_value,2025-04-09
E00035,C0083,P0145,core_complete,2025-06-15
E00036,C0002,P0500,contract_start,2025-06-01
E00036,C0002,P0500,kickoff,2025-06-17
E00036,C0002,P0500,first_login,2025-06-22
E00036,C0002,P0500,first_value,2025-07-07
E00036,C0002,P0500,core_complete,2025-09-03
E00037,C0035,P0351,contract_start,2025-07-01
E00037,C0035,P0351,kickoff,2025-07-13
E00037,C0035,P0351,first_login,2025-07-11
E00037,C0035,P0351,first_value,2025-09-09
E00037,C0035,P0351,core_complete,2025-11-20
E00038,C0039,P0499,contract_start,2025-07-01
E00038,C0039,P0499,kickoff,2025-07-08
E00038,C0039,P0499,first_login,2025-07-29
E00038,C0039,P0499,first_value,2025-08-20
E00038,C0039,P0499,core_complete,2025-09-24
E00039,C0081,P0377,contract_start,2025-11-01
E00039,C0081,P0377,kickoff,2025-11-06
E00039,C0081,P0377,first_login,2025-11-17
E00039,C0081,P0377,first_value,2026-01-12
E00039,C0081,P0377,core_complete,2026-04-12
E00040,C0093,P0477,contract_start,2025-08-01
E00040,C0093,P0477,kickoff,2025-08-10
E00040,C0093,P0477,first_login,2025-08-16
E00040,C0093,P0477,first_value,2025-08-26
E00040,C0093,P0477,core_complete,2025-09-12
E00041,C0082,P0259,contract_start,2025-05-01
E00041,C0082,P0259,kickoff,2025-05-14
E00041,C0082,P0259,first_login,2025-05-17
E00041,C0082,P0259,first_value,2025-05-21
E00041,C0082,P0259,core_complete,2025-06-30
E00042,C0011,P0457,contract_start,2025-06-01
E00042,C0011,P0457,kickoff,2025-06-13
E00042,C0011,P0457,first_login,2025-06-19
E00042,C0011,P0457,first_value,2025-07-13
E00042,C0011,P0457,core_complete,2025-09-07
E00043,C0043,P0477,contract_start,2025-04-01
E00043,C0043,P0477,kickoff,2025-04-17
E00043,C0043,P0477,first_login,2025-05-03
E00043,C0043,P0477,first_value,2025-05-02
E00043,C0043,P0477,core_complete,2025-07-05
E00044,C0051,P0272,contract_start,2025-02-01
E00044,C0051,P0272,kickoff,2025-02-21
E00044,C0051,P0272,first_login,2025-03-01
E00044,C0051,P0272,first_value,2025-03-06
E00044,C0051,P0272,core_complete,2025-05-16
E00045,C0053,P0066,contract_start,2025-01-01
E00045,C0053,P0066,kickoff,2025-01-17
E00045,C0053,P0066,first_login,2025-01-21
E00045,C0053,P0066,first_value,2025-01-26
E00046,C0077,P0145,contract_start,2025-04-01
E00046,C0077,P0145,kickoff,2025-04-15
E00046,C0077,P0145,first_login,2025-05-02
E00046,C0077,P0145,first_value,2025-04-20
E00046,C0077,P0145,core_complete,2025-05-03
E00047,C0038,P0085,contract_start,2025-04-01
E00047,C0038,P0085,kickoff,2025-04-20
E00047,C0038,P0085,first_login,2025-04-21
E00047,C0038,P0085,first_value,2025-06-08
E00047,C0038,P0085,core_complete,2025-07-25
E00048,C0001,P0473,contract_start,2025-07-01
E00048,C0001,P0473,kickoff,2025-07-10
E00048,C0001,P0473,first_login,2025-07-10
E00048,C0001,P0473,first_value,2025-08-20
E00048,C0001,P0473,core_complete,2025-10-11
E00049,C0026,P0019,contract_start,2025-02-01
E00049,C0026,P0019,kickoff,2025-02-19
E00049,C0026,P0019,first_login,2025-02-25
E00049,C0026,P0019,first_value,2025-03-13
E00049,C0026,P0019,core_complete,2025-04-03
E00050,C0098,P0459,contract_start,2025-11-01
E00050,C0098,P0459,kickoff,2025-11-22
E00050,C0098,P0459,first_login,2025-11-22
E00050,C0098,P0459,first_value,2025-11-16
E00051,C0047,P0058,contract_start,2025-05-01
E00051,C0047,P0058,kickoff,2025-05-16
E00051,C0047,P0058,first_login,2025-05-25
E00051,C0047,P0058,first_value,2025-06-14
E00051,C0047,P0058,core_complete,2025-09-10
E00052,C0001,P0093,contract_start,2025-01-01
E00052,C0001,P0093,kickoff,2025-01-11
E00052,C0001,P0093,first_login,2025-02-04
E00052,C0001,P0093,first_value,2025-01-25
E00052,C0001,P0093,core_complete,2025-02-08
E00053,C0045,P0498,contract_start,2025-04-01
E00053,C0045,P0498,kickoff,2025-04-20
E00053,C0045,P0498,first_login,2025-04-26
E00053,C0045,P0498,first_value,2025-04-27
E00053,C0045,P0498,core_complete,2025-06-20
E00054,C0052,P0040,contract_start,2025-09-01
E00054,C0052,P0040,kickoff,2025-09-04
E00054,C0052,P0040,first_login,2025-09-10
E00054,C0052,P0040,first_value,2025-09-23
E00054,C0052,P0040,core_complete,2025-12-12
E00055,C0031,P0014,contract_start,2025-10-01
E00055,C0031,P0014,kickoff,2025-10-16
E00056,C0045,P0303,contract_start,2025-10-01
E00056,C0045,P0303,kickoff,2025-10-06
E00056,C0045,P0303,first_login,2025-10-11
E00056,C0045,P0303,first_value,2025-11-06
E00056,C0045,P0303,core_complete,2025-12-08
E00057,C0098,P0426,contract_start,2025-02-01
E00057,C0098,P0426,kickoff,2025-02-05
E00057,C0098,P0426,first_login,2025-02-13
E00057,C0098,P0426,first_value,2025-02-10
E00058,C0084,P0023,contract_start,2025-04-01
E00058,C0084,P0023,kickoff,2025-04-05
E00058,C0084,P0023,first_login,2025-04-27
E00058,C0084,P0023,first_value,2025-06-05
E00058,C0084,P0023,core_complete,2025-07-12
E00059,C0039,P0025,contract_start,2025-11-01
E00059,C0039,P0025,kickoff,2025-11-22
E00059,C0039,P0025,first_login,2025-11-21
E00059,C0039,P0025,first_value,2025-12-06
E00059,C0039,P0025,core_complete,2026-01-08
E00060,C0078,P0309,contract_start,2024-12-01
E00060,C0078,P0309,kickoff,2024-12-04
E00060,C0078,P0309,first_login,2024-12-29
E00060,C0078,P0309,first_value,2025-02-01
E00060,C0078,P0309,core_complete,2025-04-21
E00061,C0041,P0395,contract_start,2025-04-01
E00061,C0041,P0395,kickoff,2025-04-21
E00061,C0041,P0395,first_login,2025-04-28
E00061,C0041,P0395,first_value,2025-05-19
E00061,C0041,P0395,core_complete,2025-06-06
E00062,C0064,P0207,contract_start,2025-03-01
E00062,C0064,P0207,kickoff,2025-03-21
E00062,C0064,P0207,first_login,2025-03-25
E00062,C0064,P0207,first_value,2025-04-29
E00062,C0064,P0207,core_complete,2025-06-16
E00063,C0057,P0252,contract_start,2025-10-01
E00063,C0057,P0252,kickoff,2025-10-13
E00063,C0057,P0252,first_login,2025-10-22
E00063,C0057,P0252,first_value,2025-11-23
E00063,C0057,P0252,core_complete,2026-01-29
E00064,C0025,P0050,contract_start,2025-04-01
E00064,C0025,P0050,kickoff,2025-04-17
E00064,C0025,P0050,first_login,2025-04-20
E00064,C0025,P0050,first_value,2025-05-06
E00064,C0025,P0050,core_complete,2025-06-02
E00065,C0067,P0244,contract_start,2025-07-01
E00065,C0067,P0244,kickoff,2025-07-04
E00065,C0067,P0244,first_login,2025-07-25
E00065,C0067,P0244,first_value,2025-08-04
E00065,C0067,P0244,core_complete,2025-08-25
E00066,C0092,P0416,contract_start,2025-06-01
E00066,C0092,P0416,kickoff,2025-06-22
E00067,C0015,P0263,contract_start,2025-06-01
E00067,C0015,P0263,kickoff,2025-06-16
E00067,C0015,P0263,first_login,2025-06-21
E00067,C0015,P0263,first_value,2025-07-09
E00067,C0015,P0263,core_complete,2025-08-07
E00068,C0056,P0366,contract_start,2025-10-01
E00068,C0056,P0366,kickoff,2025-10-17
E00068,C0056,P0366,first_login,2025-10-17
E00068,C0056,P0366,first_value,2025-11-07
E00068,C0056,P0366,core_complete,2025-12-19
E00069,C0071,P0224,contract_start,2025-08-01
E00069,C0071,P0224,kickoff,2025-08-18
E00069,C0071,P0224,first_login,2025-08-28
E00069,C0071,P0224,first_value,2025-08-14
E00070,C0073,P0066,contract_start,2025-07-01
E00070,C0073,P0066,kickoff,2025-07-19
E00070,C0073,P0066,first_login,2025-07-27
E00070,C0073,P0066,first_value,2025-09-11
E00070,C0073,P0066,core_complete,2025-10-21
E00071,C0056,P0025,contract_start,2025-08-01
E00071,C0056,P0025,kickoff,2025-08-18
E00071,C0056,P0025,first_login,2025-08-27
E00071,C0056,P0025,first_value,2025-10-10
E00071,C0056,P0025,core_complete,2025-12-25
E00072,C0091,P0212,contract_start,2025-08-01
E00072,C0091,P0212,kickoff,2025-08-06
E00072,C0091,P0212,first_login,2025-08-29
E00072,C0091,P0212,first_value,2025-10-04
E00072,C0091,P0212,core_complete,2025-12-09
E00073,C0040,P0300,contract_start,2025-11-01
E00074,C0032,P0237,contract_start,2024-12-01
E00074,C0032,P0237,kickoff,2024-12-13
E00074,C0032,P0237,first_login,2024-12-16
E00074,C0032,P0237,first_value,2025-01-29
E00074,C0032,P0237,core_complete,2025-03-19
E00075,C0065,P0449,contract_start,2025-06-01
E00075,C0065,P0449,kickoff,2025-06-16
E00075,C0065,P0449,first_login,2025-06-24
E00075,C0065,P0449,first_value,2025-07-19
E00075,C0065,P0449,core_complete,2025-09-06
E00076,C0004,P0231,contract_start,2025-11-01
E00077,C0079,P0383,contract_start,2025-02-01
E00077,C0079,P0383,kickoff,2025-02-12
E00077,C0079,P0383,first_login,2025-02-20
E00077,C0079,P0383,first_value,2025-04-14
E00077,C0079,P0383,core_complete,2025-07-05
E00078,C0023,P0003,contract_start,2025-01-01
E00078,C0023,P0003,kickoff,2025-01-14
E00078,C0023,P0003,first_login,2025-01-15
E00078,C0023,P0003,first_value,2025-01-26
E00078,C0023,P0003,core_complete,2025-03-19
E00079,C0099,P0208,contract_start,2025-02-01
E00080,C0069,P0494,contract_start,2025-09-01
E00080,C0069,P0494,kickoff,2025-09-16
E00080,C0069,P0494,first_login,2025-09-17
E00080,C0069,P0494,first_value,2025-11-01
E00080,C0069,P0494,core_complete,2026-01-28
E00081,C0005,P0098,contract_start,2025-01-01
E00081,C0005,P0098,kickoff,2025-01-12
E00081,C0005,P0098,first_login,2025-01-08
E00081,C0005,P0098,first_value,2025-01-30
E00081,C0005,P0098,core_complete,2025-04-24
E00082,C0051,P0108,contract_start,2025-11-01
E00082,C0051,P0108,kickoff,2025-11-04
E00082,C0051,P0108,first_login,2025-12-05
E00082,C0051,P0108,first_value,2025-12-26
E00082,C0051,P0108,core_complete,2026-02-08
E00083,C0093,P0321,contract_start,2025-10-01
E00083,C0093,P0321,kickoff,2025-10-22
E00083,C0093,P0321,first_login,2025-10-20
E00083,C0093,P0321,first_value,2025-10-24
E00083,C0093,P0321,core_complete,2025-11-11
E00084,C0013,P0012,contract_start,2025-07-01
E00084,C0013,P0012,kickoff,2025-07-07
E00084,C0013,P0012,first_login,2025-07-29
E00084,C0013,P0012,first_value,2025-08-24
E00084,C0013,P0012,core_complete,2025-11-15
E00085,C0010,P0242,contract_start,2025-02-01
E00085,C0010,P0242,kickoff,2025-02-08
E00085,C0010,P0242,first_login,2025-02-15
E00085,C0010,P0242,first_value,2025-04-04
E00085,C0010,P0242,core_complete,2025-05-18
E00086,C0023,P0292,contract_start,2025-09-01
E00086,C0023,P0292,kickoff,2025-09-16
E00086,C0023,P0292,first_login,2025-09-25
E00086,C0023,P0292,first_value,2025-10-22
E00086,C0023,P0292,core_complete,2025-11-07
E00087,C0073,P0366,contract_start,2024-12-01
E00087,C0073,P0366,kickoff,2024-12-11
E00087,C0073,P0366,first_login,2024-12-22
E00087,C0073,P0366,first_value,2025-01-03
E00087,C0073,P0366,core_complete,2025-03-25
E00088,C0028,P0205,contract_start,2025-07-01
E00088,C0028,P0205,kickoff,2025-07-12
E00088,C0028,P0205,first_login,2025-07-09
E00088,C0028,P0205,first_value,2025-08-01
E00088,C0028,P0205,core_complete,2025-09-06
E00089,C0074,P0032,contract_start,2025-11-01
E00089,C0074,P0032,kickoff,2025-11-20
E00089,C0074,P0032,first_login,2025-11-21
E00089,C0074,P0032,first_value,2025-12-22
E00089,C0074,P0032,core_complete,2026-03-08
E00090,C0083,P0332,contract_start,2025-05-01
E00090,C0083,P0332,kickoff,2025-05-14
E00090,C0083,P0332,first_login,2025-05-23
E00090,C0083,P0332,first_value,2025-05-18
E00090,C0083,P0332,core_complete,2025-06-30
E00091,C0033,P0331,contract_start,2025-01-01
E00091,C0033,P0331,kickoff,2025-01-14
E00091,C0033,P0331,first_login,2025-01-18
E00091,C0033,P0331,first_value,2025-02-27
E00091,C0033,P0331,core_complete,2025-05-05
E00092,C0043,P0372,contract_start,2025-06-01
E00092,C0043,P0372,kickoff,2025-06-16
E00092,C0043,P0372,first_login,2025-06-28
E00092,C0043,P0372,first_value,2025-08-12
E00092,C0043,P0372,core_complete,2025-10-19
E00093,C0013,P0301,contract_start,2025-07-01
E00093,C0013,P0301,kickoff,2025-07-20
E00093,C0013,P0301,first_login,2025-07-20
E00093,C0013,P0301,first_value,2025-08-25
E00093,C0013,P0301,core_complete,2025-09-10
E00094,C0017,P0151,contract_start,2025-11-01
E00094,C0017,P0151,kickoff,2025-11-15
E00094,C0017,P0151,first_login,2025-11-18
E00094,C0017,P0151,first_value,2025-11-25
E00094,C0017,P0151,core_complete,2026-01-24
E00095,C0046,P0410,contract_start,2025-10-01
E00095,C0046,P0410,kickoff,2025-10-19
E00095,C0046,P0410,first_login,2025-10-28
E00095,C0046,P0410,first_value,2025-11-17
E00095,C0046,P0410,core_complete,2026-02-12
E00096,C0049,P0067,contract_start,2025-04-01
E00096,C0049,P0067,kickoff,2025-05-07
E00097,C0029,P0213,contract_start,2025-09-01
E00097,C0029,P0213,kickoff,2025-09-11
E00097,C0029,P0213,first_login,2025-09-13
E00097,C0029,P0213,first_value,2025-10-20
E00097,C0029,P0213,core_complete,2025-12-21
E00098,C0085,P0184,contract_start,2025-03-01
E00098,C0085,P0184,kickoff,2025-03-07
E00098,C0085,P0184,first_login,2025-03-16
E00098,C0085,P0184,first_value,2025-04-17
E00098,C0085,P0184,core_complete,2025-05-29
E00099,C0086,P0458,contract_start,2025-02-01
E00099,C0086,P0458,kickoff,2025-02-12
E00099,C0086,P0458,first_login,2025-02-13
E00099,C0086,P0458,first_value,2025-02-18
E00100,C0044,P0117,contract_start,2025-05-01
E00100,C0044,P0117,kickoff,2025-05-08
E00100,C0044,P0117,first_login,2025-05-10
E00100,C0044,P0117,first_value,2025-07-03
E00100,C0044,P0117,core_complete,2025-09-07
E00101,C0009,P0402,contract_start,2025-07-01
E00101,C0009,P0402,kickoff,2025-07-12
E00101,C0009,P0402,first_login,2025-07-22
E00101,C0009,P0402,first_value,2025-07-14
E00101,C0009,P0402,core_complete,2025-08-10
E00102,C0044,P0437,contract_start,2025-08-01
E00102,C0044,P0437,kickoff,2025-08-05
E00102,C0044,P0437,first_login,2025-08-15
E00102,C0044,P0437,first_value,2025-09-10
E00102,C0044,P0437,core_complete,2025-12-02
E00103,C0063,P0387,contract_start,2025-07-01
E00104,C0036,P0022,contract_start,2025-09-01
E00104,C0036,P0022,kickoff,2025-09-15
E00104,C0036,P0022,first_login,2025-09-29
E00104,C0036,P0022,first_value,2025-11-02
E00104,C0036,P0022,core_complete,2026-01-03
E00105,C0100,P0081,contract_start,2025-01-01
E00105,C0100,P0081,kickoff,2025-01-15
E00105,C0100,P0081,first_login,2025-01-28
E00105,C0100,P0081,first_value,2025-01-27
E00105,C0100,P0081,core_complete,2025-03-18
E00106,C0035,P0051,contract_start,2025-08-01
E00106,C0035,P0051,kickoff,2025-08-21
E00106,C0035,P0051,first_login,2025-08-18
E00106,C0035,P0051,first_value,2025-08-24
E00106,C0035,P0051,core_complete,2025-11-22
E00107,C0005,P0104,contract_start,2025-05-01
E00107,C0005,P0104,kickoff,2025-05-12
E00107,C0005,P0104,first_login,2025-05-14
E00107,C0005,P0104,first_value,2025-06-01
E00107,C0005,P0104,core_complete,2025-08-22
E00108,C0083,P0243,contract_start,2024-12-01
E00108,C0083,P0243,kickoff,2024-12-20
E00108,C0083,P0243,first_login,2025-01-04
E00108,C0083,P0243,first_value,2025-01-08
E00108,C0083,P0243,core_complete,2025-03-11
E00109,C0014,P0367,contract_start,2025-02-01
E00109,C0014,P0367,kickoff,2025-02-10
E00109,C0014,P0367,first_login,2025-02-13
E00109,C0014,P0367,first_value,2025-04-16
E00109,C0014,P0367,core_complete,2025-05-31
E00110,C0010,P0386,contract_start,2025-10-01
E00110,C0010,P0386,kickoff,2025-10-08
E00110,C0010,P0386,first_login,2025-10-14
E00110,C0010,P0386,first_value,2025-11-03
E00110,C0010,P0386,core_complete,2025-11-13
E00111,C0094,P0210,contract_start,2025-02-01
E00111,C0094,P0210,kickoff,2025-02-16
E00111,C0094,P0210,first_login,2025-02-09
E00111,C0094,P0210,first_value,2025-03-08
E00111,C0094,P0210,core_complete,2025-06-04
E00112,C0017,P0227,contract_start,2025-08-01
E00112,C0017,P0227,kickoff,2025-08-06
E00112,C0017,P0227,first_login,2025-08-31
E00112,C0017,P0227,first_value,2025-10-12
E00112,C0017,P0227,core_complete,2025-10-26
E00113,C0090,P0162,contract_start,2025-11-01
E00113,C0090,P0162,kickoff,2025-11-15
E00113,C0090,P0162,first_login,2025-11-12
E00113,C0090,P0162,first_value,2025-11-29
E00113,C0090,P0162,core_complete,2026-02-14
E00114,C0070,P0389,contract_start,2025-02-01
E00114,C0070,P0389,kickoff,2025-02-12
E00114,C0070,P0389,first_login,2025-02-19
E00114,C0070,P0389,first_value,2025-03-11
E00114,C0070,P0389,core_complete,2025-06-03
E00115,C0073,P0030,contract_start,2025-10-01
E00115,C0073,P0030,kickoff,2025-10-17
E00115,C0073,P0030,first_login,2025-10-19
E00115,C0073,P0030,first_value,2025-11-29
E00115,C0073,P0030,core_complete,2026-01-20
E00116,C0046,P0161,contract_start,2025-10-01
E00116,C0046,P0161,kickoff,2025-10-08
E00116,C0046,P0161,first_login,2025-10-23
E00116,C0046,P0161,first_value,2025-10-22
E00116,C0046,P0161,core_complete,2025-12-15
E00117,C0059,P0229,contract_start,2025-04-01
E00117,C0059,P0229,kickoff,2025-04-17
E00117,C0059,P0229,first_login,2025-04-11
E00117,C0059,P0229,first_value,2025-05-06
E00117,C0059,P0229,core_complete,2025-06-12
E00118,C0053,P0455,contract_start,2025-09-01
E00118,C0053,P0455,kickoff,2025-09-14
E00118,C0053,P0455,first_login,2025-10-06
E00118,C0053,P0455,first_value,2025-09-15
E00119,C0016,P0172,contract_start,2025-04-01
E00119,C0016,P0172,kickoff,2025-04-05
E00119,C0016,P0172,first_login,2025-04-17
E00119,C0016,P0172,first_value,2025-06-15
E00119,C0016,P0172,core_complete,2025-08-25
E00120,C0096,P0277,contract_start,2025-11-01
E00120,C0096,P0277,kickoff,2025-11-15
E00120,C0096,P0277,first_login,2025-11-11
E00120,C0096,P0277,first_value,2025-12-05
E00120,C0096,P0277,core_complete,2025-12-24
E00121,C0068,P0388,contract_start,2025-08-01
E00121,C0068,P0388,kickoff,2025-08-04
E00121,C0068,P0388,first_login,2025-08-27
E00121,C0068,P0388,first_value,2025-10-08
E00121,C0068,P0388,core_complete,2025-10-31
E00122,C0040,P0397,contract_start,2025-08-01
E00123,C0077,P0431,contract_start,2025-08-01
E00123,C0077,P0431,kickoff,2025-08-22
E00123,C0077,P0431,first_login,2025-08-22
E00123,C0077,P0431,first_value,2025-08-21
E00123,C0077,P0431,core_complete,2025-10-28
E00124,C0031,P0388,contract_start,2025-08-01
E00124,C0031,P0388,kickoff,2025-09-08
E00125,C0056,P0121,contract_start,2025-09-01
E00125,C0056,P0121,kickoff,2025-09-11
E00125,C0056,P0121,first_login,2025-10-04
E00125,C0056,P0121,first_value,2025-09-30
E00125,C0056,P0121,core_complete,2025-11-10
E00126,C0029,P0267,contract_start,2025-04-01
E00126,C0029,P0267,kickoff,2025-04-06
E00126,C0029,P0267,first_login,2025-04-27
E00126,C0029,P0267,first_value,2025-04-29
E00126,C0029,P0267,core_complete,2025-06-09
E00127,C0029,P0185,contract_start,2025-08-01
E00127,C0029,P0185,kickoff,2025-08-06
E00127,C0029,P0185,first_login,2025-08-13
E00127,C0029,P0185,first_value,2025-09-16
E00127,C0029,P0185,core_complete,2025-11-09
E00128,C0075,P0042,contract_start,2025-11-01
E00128,C0075,P0042,kickoff,2025-11-16
E00128,C0075,P0042,first_login,2025-12-05
E00128,C0075,P0042,first_value,2025-11-23
E00128,C0075,P0042,core_complete,2025-12-28
E00129,C0079,P0040,contract_start,2025-02-01
E00129,C0079,P0040,kickoff,2025-02-16
E00129,C0079,P0040,first_login,2025-02-10
E00129,C0079,P0040,first_value,2025-03-19
E00129,C0079,P0040,core_complete,2025-05-11
E00130,C0006,P0300,contract_start,2025-06-01
E00130,C0006,P0300,kickoff,2025-06-20
E00130,C0006,P0300,first_login,2025-06-08
E00130,C0006,P0300,first_value,2025-07-17
E00130,C0006,P0300,core_complete,2025-08-28
E00131,C0100,P0214,contract_start,2025-07-01
E00131,C0100,P0214,kickoff,2025-07-18
E00131,C0100,P0214,first_login,2025-07-18
E00131,C0100,P0214,first_value,2025-08-11
E00131,C0100,P0214,core_complete,2025-10-13
E00132,C0093,P0067,contract_start,2025-02-01
E00132,C0093,P0067,kickoff,2025-02-18
E00132,C0093,P0067,first_login,2025-02-12
E00132,C0093,P0067,first_value,2025-03-04
E00132,C0093,P0067,core_complete,2025-05-04
E00133,C0010,P0081,contract_start,2025-07-01
E00133,C0010,P0081,kickoff,2025-07-19
E00133,C0010,P0081,first_login,2025-07-31
E00133,C0010,P0081,first_value,2025-07-24
E00133,C0010,P0081,core_complete,2025-09-12
E00134,C0027,P0190,contract_start,2025-01-01
E00134,C0027,P0190,kickoff,2025-01-07
E00134,C0027,P0190,first_login,2025-01-08
E00134,C0027,P0190,first_value,2025-01-21
E00134,C0027,P0190,core_complete,2025-03-27
E00135,C0019,P0192,contract_start,2025-02-01
E00135,C0019,P0192,kickoff,2025-02-21
E00135,C0019,P0192,first_login,2025-02-23
E00135,C0019,P0192,first_value,2025-02-23
E00135,C0019,P0192,core_complete,2025-04-14
E00136,C0095,P0302,contract_start,2024-12-01
E00136,C0095,P0302,kickoff,2024-12-18
E00136,C0095,P0302,first_login,2024-12-10
E00136,C0095,P0302,first_value,2025-02-08
E00136,C0095,P0302,core_complete,2025-02-28
E00137,C0035,P0420,contract_start,2025-04-01
E00137,C0035,P0420,kickoff,2025-04-20
E00137,C0035,P0420,first_login,2025-04-10
E00137,C0035,P0420,first_value,2025-06-14
E00137,C0035,P0420,core_complete,2025-09-08
E00138,C0003,P0023,contract_start,2025-08-01
E00138,C0003,P0023,kickoff,2025-08-10
E00138,C0003,P0023,first_login,2025-09-02
E00138,C0003,P0023,first_value,2025-09-01
E00138,C0003,P0023,core_complete,2025-10-05
E00139,C0017,P0401,contract_start,2025-04-01
E00139,C0017,P0401,kickoff,2025-04-22
E00139,C0017,P0401,first_login,2025-05-03
E00139,C0017,P0401,first_value,2025-05-05
E00139,C0017,P0401,core_complete,2025-05-17
E00140,C0095,P0259,contract_start,2025-11-01
E00140,C0095,P0259,kickoff,2025-11-15
E00140,C0095,P0259,first_login,2025-11-16
E00140,C0095,P0259,first_value,2025-12-24
E00140,C0095,P0259,core_complete,2026-01-13
E00141,C0029,P0373,contract_start,2025-10-01
E00141,C0029,P0373,kickoff,2025-10-17
E00141,C0029,P0373,first_login,2025-10-18
E00141,C0029,P0373,first_value,2025-11-20
E00141,C0029,P0373,core_complete,2026-01-25
E00142,C0019,P0461,contract_start,2025-09-01
E00142,C0019,P0461,kickoff,2025-09-22
E00142,C0019,P0461,first_login,2025-09-17
E00142,C0019,P0461,first_value,2025-10-03
E00142,C0019,P0461,core_complete,2025-12-19
E00143,C0038,P0331,contract_start,2024-12-01
E00143,C0038,P0331,kickoff,2024-12-11
E00143,C0038,P0331,first_login,2024-12-09
E00143,C0038,P0331,first_value,2024-12-30
E00143,C0038,P0331,core_complete,2025-02-28
E00144,C0097,P0408,contract_start,2025-11-01
E00144,C0097,P0408,kickoff,2025-11-12
E00144,C0097,P0408,first_login,2025-11-21
E00144,C0097,P0408,first_value,2026-01-07
E00144,C0097,P0408,core_complete,2026-04-07
E00145,C0086,P0317,contract_start,2025-01-01
E00145,C0086,P0317,kickoff,2025-01-14
E00145,C0086,P0317,first_login,2025-01-31
E00145,C0086,P0317,first_value,2025-01-09
E00146,C0069,P0258,contract_start,2025-08-01
E00146,C0069,P0258,kickoff,2025-08-08
E00146,C0069,P0258,first_login,2025-08-31
E00146,C0069,P0258,first_value,2025-08-23
E00146,C0069,P0258,core_complete,2025-09-10
E00147,C0077,P0141,contract_start,2025-08-01
E00147,C0077,P0141,kickoff,2025-08-14
E00147,C0077,P0141,first_login,2025-08-30
E00147,C0077,P0141,first_value,2025-08-28
E00147,C0077,P0141,core_complete,2025-09-11
E00148,C0080,P0274,contract_start,2025-11-01
E00148,C0080,P0274,kickoff,2025-11-14
E00148,C0080,P0274,first_login,2025-11-11
E00148,C0080,P0274,first_value,2025-11-24
E00148,C0080,P0274,core_complete,2025-12-28
E00149,C0071,P0012,contract_start,2024-12-01
E00149,C0071,P0012,kickoff,2024-12-13
E00149,C0071,P0012,first_login,2024-12-20
E00149,C0071,P0012,first_value,2024-12-16
E00150,C0080,P0163,contract_start,2025-06-01
E00150,C0080,P0163,kickoff,2025-06-11
E00150,C0080,P0163,first_login,2025-06-21
E00150,C0080,P0163,first_value,2025-07-03
E00150,C0080,P0163,core_complete,2025-07-13
E00151,C0050,P0147,contract_start,2025-01-01
E00151,C0050,P0147,kickoff,2025-01-14
E00151,C0050,P0147,first_login,2025-01-23
E00151,C0050,P0147,first_value,2025-03-07
E00151,C0050,P0147,core_complete,2025-04-24
E00152,C0030,P0209,contract_start,2025-01-01
E00152,C0030,P0209,kickoff,2025-01-10
E00152,C0030,P0209,first_login,2025-01-22
E00152,C0030,P0209,first_value,2025-03-06
E00152,C0030,P0209,core_complete,2025-03-16
E00153,C0032,P0030,contract_start,2025-05-01
E00153,C0032,P0030,kickoff,2025-05-22
E00153,C0032,P0030,first_login,2025-06-03
E00153,C0032,P0030,first_value,2025-06-24
E00153,C0032,P0030,core_complete,2025-07-19
E00154,C0011,P0166,contract_start,2025-05-01
E00154,C0011,P0166,kickoff,2025-05-16
E00154,C0011,P0166,first_login,2025-06-01
E00154,C0011,P0166,first_value,2025-06-06
E00154,C0011,P0166,core_complete,2025-08-12
E00155,C0004,P0386,contract_start,2025-01-01
E00155,C0004,P0386,kickoff,2025-02-21
E00156,C0055,P0138,contract_start,2025-08-01
E00156,C0055,P0138,kickoff,2025-08-08
E00156,C0055,P0138,first_login,2025-08-11
E00156,C0055,P0138,first_value,2025-08-25
E00156,C0055,P0138,core_complete,2025-10-08
E00157,C0015,P0015,contract_start,2025-08-01
E00157,C0015,P0015,kickoff,2025-08-18
E00157,C0015,P0015,first_login,2025-08-09
E00157,C0015,P0015,first_value,2025-08-28
E00157,C0015,P0015,core_complete,2025-10-20
E00158,C0006,P0301,contract_start,2024-12-01
E00158,C0006,P0301,kickoff,2024-12-09
E00158,C0006,P0301,first_login,2024-12-25
E00158,C0006,P0301,first_value,2025-02-02
E00158,C0006,P0301,core_complete,2025-03-11
E00159,C0095,P0209,contract_start,2025-08-01
E00159,C0095,P0209,kickoff,2025-08-22
E00159,C0095,P0209,first_login,2025-08-31
E00159,C0095,P0209,first_value,2025-09-20
E00159,C0095,P0209,core_complete,2025-12-08
E00160,C0080,P0073,contract_start,2025-10-01
E00160,C0080,P0073,kickoff,2025-10-15
E00160,C0080,P0073,first_login,2025-10-20
E00160,C0080,P0073,first_value,2025-11-23
E00160,C0080,P0073,core_complete,2026-01-20
E00161,C0031,P0217,contract_start,2025-02-01
E00162,C0099,P0086,contract_start,2025-07-01
E00162,C0099,P0086,kickoff,2025-08-02
E00163,C0067,P0430,contract_start,2025-07-01
E00163,C0067,P0430,kickoff,2025-07-07
E00163,C0067,P0430,first_login,2025-07-23
E00163,C0067,P0430,first_value,2025-09-06
E00163,C0067,P0430,core_complete,2025-09-19
E00164,C0051,P0262,contract_start,2025-10-01
E00164,C0051,P0262,kickoff,2025-10-06
E00164,C0051,P0262,first_login,2025-10-09
E00164,C0051,P0262,first_value,2025-12-03
E00164,C0051,P0262,core_complete,2026-02-26
E00165,C0075,P0203,contract_start,2025-11-01
E00165,C0075,P0203,kickoff,2025-11-06
E00165,C0075,P0203,first_login,2025-12-02
E00165,C0075,P0203,first_value,2025-12-15
E00165,C0075,P0203,core_complete,2026-01-18
E00166,C0064,P0108,contract_start,2025-11-01
E00166,C0064,P0108,kickoff,2025-11-11
E00166,C0064,P0108,first_login,2025-11-30
E00166,C0064,P0108,first_value,2026-01-01
E00166,C0064,P0108,core_complete,2026-03-27
E00167,C0061,P0363,contract_start,2025-05-01
E00167,C0061,P0363,kickoff,2025-05-10
E00167,C0061,P0363,first_login,2025-06-05
E00167,C0061,P0363,first_value,2025-05-20
E00167,C0061,P0363,core_complete,2025-06-02
E00168,C0068,P0236,contract_start,2025-10-01
E00168,C0068,P0236,kickoff,2025-10-20
E00168,C0068,P0236,first_login,2025-10-27
E00168,C0068,P0236,first_value,2025-12-05
E00168,C0068,P0236,core_complete,2026-01-22
E00169,C0072,P0002,contract_start,2025-11-01
E00169,C0072,P0002,kickoff,2025-11-05
E00169,C0072,P0002,first_login,2025-11-20
E00169,C0072,P0002,first_value,2025-12-13
E00169,C0072,P0002,core_complete,2026-02-06
E00170,C0087,P0459,contract_start,2024-12-01
E00170,C0087,P0459,kickoff,2024-12-08
E00170,C0087,P0459,first_login,2024-12-31
E00170,C0087,P0459,first_value,2025-01-11
E00170,C0087,P0459,core_complete,2025-03-09
E00171,C0048,P0333,contract_start,2025-08-01
E00171,C0048,P0333,kickoff,2025-08-18
E00171,C0048,P0333,first_login,2025-08-08
E00171,C0048,P0333,first_value,2025-10-02
E00171,C0048,P0333,core_complete,2025-11-28
E00172,C0041,P0181,contract_start,2025-10-01
E00172,C0041,P0181,kickoff,2025-10-04
E00172,C0041,P0181,first_login,2025-10-26
E00172,C0041,P0181,first_value,2025-11-06
E00172,C0041,P0181,core_complete,2025-11-17
E00173,C0041,P0394,contract_start,2025-05-01
E00173,C0041,P0394,kickoff,2025-05-19
E00173,C0041,P0394,first_login,2025-05-25
E00173,C0041,P0394,first_value,2025-07-01
E00173,C0041,P0394,core_complete,2025-07-29
E00174,C0049,P0114,contract_start,2025-05-01
E00175,C0070,P0418,contract_start,2025-10-01
E00175,C0070,P0418,kickoff,2025-10-09
E00175,C0070,P0418,first_login,2025-10-22
E00175,C0070,P0418,first_value,2025-10-29
E00175,C0070,P0418,core_complete,2025-12-30
E00176,C0099,P0496,contract_start,2025-03-01
E00176,C0099,P0496,kickoff,2025-03-19
E00177,C0048,P0421,contract_start,2025-07-01
E00177,C0048,P0421,kickoff,2025-07-16
E00177,C0048,P0421,first_login,2025-08-02
E00177,C0048,P0421,first_value,2025-09-06
E00177,C0048,P0421,core_complete,2025-10-01
E00178,C0013,P0100,contract_start,2025-04-01
E00178,C0013,P0100,kickoff,2025-04-21
E00178,C0013,P0100,first_login,2025-04-21
E00178,C0013,P0100,first_value,2025-05-23
E00178,C0013,P0100,core_complete,2025-06-17
E00179,C0010,P0478,contract_start,2025-02-01
E00179,C0010,P0478,kickoff,2025-02-04
E00179,C0010,P0478,first_login,2025-02-27
E00179,C0010,P0478,first_value,2025-04-12
E00179,C0010,P0478,core_complete,2025-04-22
E00180,C0058,P0348,contract_start,2025-11-01
E00180,C0058,P0348,kickoff,2025-11-22
E00180,C0058,P0348,first_login,2025-11-28
E00180,C0058,P0348,first_value,2025-11-25
E00180,C0058,P0348,core_complete,2026-02-16
E00181,C0067,P0453,contract_start,2025-11-01
E00181,C0067,P0453,kickoff,2025-11-04
E00181,C0067,P0453,first_login,2025-12-04
E00181,C0067,P0453,first_value,2025-12-26
E00181,C0067,P0453,core_complete,2026-01-11
E00182,C0010,P0166,contract_start,2025-06-01
E00182,C0010,P0166,kickoff,2025-06-05
E00182,C0010,P0166,first_login,2025-07-05
E00182,C0010,P0166,first_value,2025-07-03
E00182,C0010,P0166,core_complete,2025-09-02
E00183,C0042,P0266,contract_start,2025-06-01
E00183,C0042,P0266,kickoff,2025-06-09
E00183,C0042,P0266,first_login,2025-06-24
E00183,C0042,P0266,first_value,2025-06-22
E00183,C0042,P0266,core_complete,2025-08-30
E00184,C0034,P0115,contract_start,2025-08-01
E00184,C0034,P0115,kickoff,2025-08-18
E00184,C0034,P0115,first_login,2025-09-03
E00184,C0034,P0115,first_value,2025-09-21
E00184,C0034,P0115,core_complete,2025-10-07
E00185,C0062,P0201,contract_start,2025-06-01
E00185,C0062,P0201,kickoff,2025-07-23
E00186,C0007,P0116,contract_start,2025-09-01
E00186,C0007,P0116,kickoff,2025-09-22
E00186,C0007,P0116,first_login,2025-09-22
E00186,C0007,P0116,first_value,2025-09-21
E00187,C0087,P0160,contract_start,2025-03-01
E00187,C0087,P0160,kickoff,2025-03-20
E00187,C0087,P0160,first_login,2025-03-12
E00187,C0087,P0160,first_value,2025-03-27
E00187,C0087,P0160,core_complete,2025-05-30
E00188,C0089,P0414,contract_start,2025-01-01
E00189,C0072,P0127,contract_start,2025-10-01
E00189,C0072,P0127,kickoff,2025-10-16
E00189,C0072,P0127,first_login,2025-10-17
E00189,C0072,P0127,first_value,2025-11-17
E00189,C0072,P0127,core_complete,2026-01-23
E00190,C0084,P0267,contract_start,2025-05-01
E00190,C0084,P0267,kickoff,2025-05-10
E00190,C0084,P0267,first_login,2025-05-28
E00190,C0084,P0267,first_value,2025-06-10
E00190,C0084,P0267,core_complete,2025-08-08
E00191,C0098,P0321,contract_start,2025-09-01
E00191,C0098,P0321,kickoff,2025-09-22
E00191,C0098,P0321,first_login,2025-09-29
E00191,C0098,P0321,first_value,2025-09-14
E00192,C0099,P0194,contract_start,2025-01-01
E00192,C0099,P0194,kickoff,2025-02-02
E00193,C0057,P0032,contract_start,2025-11-01
E00193,C0057,P0032,kickoff,2025-11-07
E00193,C0057,P0032,first_login,2025-11-14
E00193,C0057,P0032,first_value,2025-12-14
E00193,C0057,P0032,core_complete,2026-03-06
E00194,C0087,P0347,contract_start,2025-09-01
E00194,C0087,P0347,kickoff,2025-09-18
E00194,C0087,P0347,first_login,2025-10-03
E00194,C0087,P0347,first_value,2025-10-09
E00194,C0087,P0347,core_complete,2026-01-05
E00195,C0044,P0317,contract_start,2025-04-01
E00195,C0044,P0317,kickoff,2025-04-09
E00195,C0044,P0317,first_login,2025-04-19
E00195,C0044,P0317,first_value,2025-04-23
E00195,C0044,P0317,core_complete,2025-06-17
E00196,C0094,P0238,contract_start,2025-09-01
E00196,C0094,P0238,kickoff,2025-09-07
E00196,C0094,P0238,first_login,2025-09-21
E00196,C0094,P0238,first_value,2025-10-04
E00196,C0094,P0238,core_complete,2025-12-20
E00197,C0027,P0481,contract_start,2025-09-01
E00197,C0027,P0481,kickoff,2025-09-17
E00197,C0027,P0481,first_login,2025-09-28
E00197,C0027,P0481,first_value,2025-10-21
E00197,C0027,P0481,core_complete,2026-01-08
E00198,C0040,P0007,contract_start,2025-05-01
E00198,C0040,P0007,kickoff,2025-05-19
E00199,C0089,P0132,contract_start,2025-03-01
E00200,C0099,P0071,contract_start,2025-11-01
E00201,C0027,P0334,contract_start,2025-04-01
E00201,C0027,P0334,kickoff,2025-04-19
E00201,C0027,P0334,first_login,2025-04-16
E00201,C0027,P0334,first_value,2025-05-23
E00201,C0027,P0334,core_complete,2025-08-04
E00202,C0100,P0159,contract_start,2025-08-01
E00202,C0100,P0159,kickoff,2025-08-18
E00202,C0100,P0159,first_login,2025-08-27
E00202,C0100,P0159,first_value,2025-09-05
E00202,C0100,P0159,core_complete,2025-11-24
E00203,C0038,P0260,contract_start,2024-12-01
E00203,C0038,P0260,kickoff,2024-12-13
E00203,C0038,P0260,first_login,2024-12-14
E00203,C0038,P0260,first_value,2025-01-24
E00203,C0038,P0260,core_complete,2025-03-24
E00204,C0044,P0104,contract_start,2025-03-01
E00204,C0044,P0104,kickoff,2025-03-22
E00204,C0044,P0104,first_login,2025-03-26
E00204,C0044,P0104,first_value,2025-04-20
E00204,C0044,P0104,core_complete,2025-05-22
E00205,C0037,P0240,contract_start,2025-10-01
E00205,C0037,P0240,kickoff,2025-10-15
E00205,C0037,P0240,first_login,2025-10-12
E00205,C0037,P0240,first_value,2025-12-09
E00205,C0037,P0240,core_complete,2026-03-07
E00206,C0013,P0215,contract_start,2025-09-01
E00206,C0013,P0215,kickoff,2025-09-10
E00206,C0013,P0215,first_login,2025-09-09
E00206,C0013,P0215,first_value,2025-11-04
E00206,C0013,P0215,core_complete,2026-01-07
E00207,C0066,P0472,contract_start,2025-07-01
E00207,C0066,P0472,kickoff,2025-07-22
E00207,C0066,P0472,first_login,2025-07-11
E00207,C0066,P0472,first_value,2025-07-23
E00207,C0066,P0472,core_complete,2025-08-16
E00208,C0002,P0110,contract_start,2025-11-01
E00208,C0002,P0110,kickoff,2025-11-22
E00208,C0002,P0110,first_login,2025-11-10
E00208,C0002,P0110,first_value,2025-12-27
E00208,C0002,P0110,core_complete,2026-02-01
E00209,C0057,P0095,contract_start,2025-05-01
E00209,C0057,P0095,kickoff,2025-05-15
E00209,C0057,P0095,first_login,2025-05-15
E00209,C0057,P0095,first_value,2025-07-03
E00209,C0057,P0095,core_complete,2025-10-01
E00210,C0058,P0059,contract_start,2025-01-01
E00210,C0058,P0059,kickoff,2025-01-06
E00210,C0058,P0059,first_login,2025-01-15
E00210,C0058,P0059,first_value,2025-03-10
E00210,C0058,P0059,core_complete,2025-05-30
E00211,C0088,P0016,contract_start,2025-03-01
E00211,C0088,P0016,kickoff,2025-03-10
E00211,C0088,P0016,first_login,2025-03-09
E00211,C0088,P0016,first_value,2025-04-10
E00211,C0088,P0016,core_complete,2025-06-26
E00212,C0028,P0369,contract_start,2025-02-01
E00212,C0028,P0369,kickoff,2025-02-08
E00212,C0028,P0369,first_login,2025-02-24
E00212,C0028,P0369,first_value,2025-03-06
E00212,C0028,P0369,core_complete,2025-05-02
E00213,C0053,P0012,contract_start,2025-08-01
E00213,C0053,P0012,kickoff,2025-08-11
E00213,C0053,P0012,first_login,2025-08-15
E00213,C0053,P0012,first_value,2025-08-19
E00214,C0009,P0071,contract_start,2025-01-01
E00214,C0009,P0071,kickoff,2025-01-09
E00214,C0009,P0071,first_login,2025-01-21
E00214,C0009,P0071,first_value,2025-01-16
E00214,C0009,P0071,core_complete,2025-02-12
E00215,C0027,P0157,contract_start,2025-01-01
E00215,C0027,P0157,kickoff,2025-01-12
E00215,C0027,P0157,first_login,2025-02-01
E00215,C0027,P0157,first_value,2025-02-25
E00215,C0027,P0157,core_complete,2025-04-08
E00216,C0027,P0410,contract_start,2025-05-01
E00216,C0027,P0410,kickoff,2025-05-19
E00216,C0027,P0410,first_login,2025-05-24
E00216,C0027,P0410,first_value,2025-05-28
E00216,C0027,P0410,core_complete,2025-08-17
E00217,C0084,P0474,contract_start,2025-01-01
E00217,C0084,P0474,kickoff,2025-01-09
E00217,C0084,P0474,first_login,2025-01-20
E00217,C0084,P0474,first_value,2025-02-27
E00217,C0084,P0474,core_complete,2025-04-15
E00218,C0009,P0163,contract_start,2025-03-01
E00218,C0009,P0163,kickoff,2025-03-15
E00218,C0009,P0163,first_login,2025-03-11
E00218,C0009,P0163,first_value,2025-03-18
E00218,C0009,P0163,core_complete,2025-04-13
E00219,C0031,P0301,contract_start,2025-03-01
E00219,C0031,P0301,kickoff,2025-03-25
E00220,C0018,P0028,contract_start,2025-04-01
E00220,C0018,P0028,kickoff,2025-04-06
E00220,C0018,P0028,first_login,2025-04-22
E00220,C0018,P0028,first_value,2025-06-01
E00220,C0018,P0028,core_complete,2025-08-05
E00221,C0047,P0042,contract_start,2025-08-01
E00221,C0047,P0042,kickoff,2025-08-14
E00221,C0047,P0042,first_login,2025-09-05
E00221,C0047,P0042,first_value,2025-08-21
E00221,C0047,P0042,core_complete,2025-11-11
E00222,C0094,P0199,contract_start,2025-09-01
E00222,C0094,P0199,kickoff,2025-09-12
E00222,C0094,P0199,first_login,2025-09-29
E00222,C0094,P0199,first_value,2025-10-06
E00222,C0094,P0199,core_complete,2025-12-02
E00223,C0043,P0192,contract_start,2025-07-01
E00223,C0043,P0192,kickoff,2025-07-05
E00223,C0043,P0192,first_login,2025-07-18
E00223,C0043,P0192,first_value,2025-08-10
E00223,C0043,P0192,core_complete,2025-10-22
E00224,C0066,P0206,contract_start,2025-07-01
E00224,C0066,P0206,kickoff,2025-07-19
E00224,C0066,P0206,first_login,2025-08-01
E00224,C0066,P0206,first_value,2025-07-29
E00224,C0066,P0206,core_complete,2025-10-05
E00225,C0045,P0203,contract_start,2025-03-01
E00225,C0045,P0203,kickoff,2025-03-13
E00225,C0045,P0203,first_login,2025-03-14
E00225,C0045,P0203,first_value,2025-04-09
E00225,C0045,P0203,core_complete,2025-05-27
E00226,C0065,P0192,contract_start,2025-06-01
E00226,C0065,P0192,kickoff,2025-06-10
E00226,C0065,P0192,first_login,2025-06-17
E00226,C0065,P0192,first_value,2025-08-01
E00226,C0065,P0192,core_complete,2025-09-24
E00227,C0057,P0266,contract_start,2025-02-01
E00227,C0057,P0266,kickoff,2025-02-11
E00227,C0057,P0266,first_login,2025-02-24
E00227,C0057,P0266,first_value,2025-04-06
E00227,C0057,P0266,core_complete,2025-05-28
E00228,C0007,P0173,contract_start,2024-12-01
E00228,C0007,P0173,kickoff,2024-12-19
E00228,C0007,P0173,first_login,2024-12-19
E00228,C0007,P0173,first_value,2024-12-13
E00229,C0015,P0255,contract_start,2025-06-01
E00229,C0015,P0255,kickoff,2025-06-18
E00229,C0015,P0255,first_login,2025-06-13
E00229,C0015,P0255,first_value,2025-06-24
E00229,C0015,P0255,core_complete,2025-09-07
E00230,C0009,P0136,contract_start,2024-12-01
E00230,C0009,P0136,kickoff,2024-12-05
E00230,C0009,P0136,first_login,2024-12-31
E00230,C0009,P0136,first_value,2024-12-17
E00230,C0009,P0136,core_complete,2025-03-12
E00231,C0078,P0263,contract_start,2025-01-01
E00231,C0078,P0263,kickoff,2025-01-15
E00231,C0078,P0263,first_login,2025-01-22
E00231,C0078,P0263,first_value,2025-03-03
E00231,C0078,P0263,core_complete,2025-04-05
E00232,C0019,P0185,contract_start,2025-03-01
E00232,C0019,P0185,kickoff,2025-03-12
E00232,C0019,P0185,first_login,2025-03-14
E00232,C0019,P0185,first_value,2025-04-02
E00232,C0019,P0185,core_complete,2025-06-03
E00233,C0026,P0129,contract_start,2025-05-01
E00233,C0026,P0129,kickoff,2025-05-21
E00233,C0026,P0129,first_login,2025-05-20
E00233,C0026,P0129,first_value,2025-07-12
E00233,C0026,P0129,core_complete,2025-07-22
E00234,C0034,P0310,contract_start,2025-10-01
E00234,C0034,P0310,kickoff,2025-10-20
E00234,C0034,P0310,first_login,2025-10-25
E00234,C0034,P0310,first_value,2025-11-10
E00234,C0034,P0310,core_complete,2026-01-10
E00235,C0056,P0154,contract_start,2025-11-01
E00235,C0056,P0154,kickoff,2025-11-22
E00235,C0056,P0154,first_login,2025-12-02
E00235,C0056,P0154,first_value,2025-12-08
E00235,C0056,P0154,core_complete,2026-01-21
E00236,C0053,P0388,contract_start,2025-06-01
E00236,C0053,P0388,kickoff,2025-06-07
E00236,C0053,P0388,first_login,2025-06-09
E00236,C0053,P0388,first_value,2025-06-11
E00237,C0058,P0117,contract_start,2025-08-01
E00237,C0058,P0117,kickoff,2025-08-04
E00237,C0058,P0117,first_login,2025-08-17
E00237,C0058,P0117,first_value,2025-08-30
E00237,C0058,P0117,core_complete,2025-11-23
E00238,C0033,P0301,contract_start,2025-03-01
E00238,C0033,P0301,kickoff,2025-03-19
E00238,C0033,P0301,first_login,2025-03-16
E00238,C0033,P0301,first_value,2025-04-29
E00238,C0033,P0301,core_complete,2025-06-13
E00239,C0016,P0161,contract_start,2025-07-01
E00239,C0016,P0161,kickoff,2025-07-22
E00239,C0016,P0161,first_login,2025-07-12
E00239,C0016,P0161,first_value,2025-07-28
E00239,C0016,P0161,core_complete,2025-08-20
E00240,C0097,P0231,contract_start,2025-11-01
E00240,C0097,P0231,kickoff,2025-11-20
E00240,C0097,P0231,first_login,2025-12-03
E00240,C0097,P0231,first_value,2025-11-25
E00240,C0097,P0231,core_complete,2026-02-21
E00241,C0017,P0378,contract_start,2025-09-01
E00241,C0017,P0378,kickoff,2025-09-17
E00241,C0017,P0378,first_login,2025-09-27
E00241,C0017,P0378,first_value,2025-10-30
E00241,C0017,P0378,core_complete,2025-12-06
E00242,C0044,P0215,contract_start,2025-10-01
E00242,C0044,P0215,kickoff,2025-10-08
E00242,C0044,P0215,first_login,2025-11-01
E00242,C0044,P0215,first_value,2025-12-14
E00242,C0044,P0215,core_complete,2026-02-09
E00243,C0006,P0012,contract_start,2025-06-01
E00243,C0006,P0012,kickoff,2025-06-18
E00243,C0006,P0012,first_login,2025-06-18
E00243,C0006,P0012,first_value,2025-07-04
E00243,C0006,P0012,core_complete,2025-09-16
E00244,C0071,P0410,contract_start,2025-02-01
E00244,C0071,P0410,kickoff,2025-02-06
E00244,C0071,P0410,first_login,2025-02-11
E00244,C0071,P0410,first_value,2025-02-24
E00245,C0005,P0198,contract_start,2025-03-01
E00245,C0005,P0198,kickoff,2025-03-05
E00245,C0005,P0198,first_login,2025-04-04
E00245,C0005,P0198,first_value,2025-04-02
E00245,C0005,P0198,core_complete,2025-05-29
E00246,C0098,P0156,contract_start,2025-05-01
E00246,C0098,P0156,kickoff,2025-05-16
E00246,C0098,P0156,first_login,2025-05-09
E00246,C0098,P0156,first_value,2025-05-22
E00247,C0009,P0353,contract_start,2025-10-01
E00247,C0009,P0353,kickoff,2025-10-13
E00247,C0009,P0353,first_login,2025-11-03
E00247,C0009,P0353,first_value,2025-10-16
E00247,C0009,P0353,core_complete,2025-11-18
E00248,C0044,P0198,contract_start,2025-03-01
E00248,C0044,P0198,kickoff,2025-03-13
E00248,C0044,P0198,first_login,2025-04-03
E00248,C0044,P0198,first_value,2025-04-11
E00248,C0044,P0198,core_complete,2025-05-27
E00249,C0073,P0189,contract_start,2025-04-01
E00249,C0073,P0189,kickoff,2025-04-17
E00249,C0073,P0189,first_login,2025-04-13
E00249,C0073,P0189,first_value,2025-04-21
E00249,C0073,P0189,core_complete,2025-05-16
E00250,C0081,P0057,contract_start,2025-06-01
E00250,C0081,P0057,kickoff,2025-06-11
E00250,C0081,P0057,first_login,2025-06-18
E00250,C0081,P0057,first_value,2025-08-05
E00250,C0081,P0057,core_complete,2025-11-02
E00251,C0093,P0463,contract_start,2025-07-01
E00251,C0093,P0463,kickoff,2025-07-09
E00251,C0093,P0463,first_login,2025-07-12
E00251,C0093,P0463,first_value,2025-07-18
E00251,C0093,P0463,core_complete,2025-07-28
E00252,C0074,P0364,contract_start,2025-03-01
E00252,C0074,P0364,kickoff,2025-03-19
E00252,C0074,P0364,first_login,2025-04-03
E00252,C0074,P0364,first_value,2025-05-15
E00252,C0074,P0364,core_complete,2025-06-25
E00253,C0043,P0258,contract_start,2025-09-01
E00253,C0043,P0258,kickoff,2025-09-13
E00253,C0043,P0258,first_login,2025-09-15
E00253,C0043,P0258,first_value,2025-10-08
E00253,C0043,P0258,core_complete,2025-10-25
E00254,C0042,P0423,contract_start,2024-12-01
E00254,C0042,P0423,kickoff,2024-12-14
E00254,C0042,P0423,first_login,2025-01-03
E00254,C0042,P0423,first_value,2024-12-26
E00254,C0042,P0423,core_complete,2025-01-11
E00255,C0043,P0451,contract_start,2025-03-01
E00255,C0043,P0451,kickoff,2025-03-17
E00255,C0043,P0451,first_login,2025-03-09
E00255,C0043,P0451,first_value,2025-05-10
E00255,C0043,P0451,core_complete,2025-08-01
E00256,C0015,P0148,contract_start,2025-09-01
E00256,C0015,P0148,kickoff,2025-09-20
E00256,C0015,P0148,first_login,2025-10-05
E00256,C0015,P0148,first_value,2025-09-25
E00256,C0015,P0148,core_complete,2025-12-17
E00257,C0031,P0422,contract_start,2025-11-01
E00258,C0078,P0467,contract_start,2025-02-01
E00258,C0078,P0467,kickoff,2025-02-15
E00258,C0078,P0467,first_login,2025-02-11
E00258,C0078,P0467,first_value,2025-03-18
E00258,C0078,P0467,core_complete,2025-04-14
E00259,C0026,P0023,contract_start,2025-01-01
E00259,C0026,P0023,kickoff,2025-01-06
E00259,C0026,P0023,first_login,2025-01-16
E00259,C0026,P0023,first_value,2025-03-02
E00259,C0026,P0023,core_complete,2025-04-03
E00260,C0006,P0276,contract_start,2025-02-01
E00260,C0006,P0276,kickoff,2025-02-04
E00260,C0006,P0276,first_login,2025-02-13
E00260,C0006,P0276,first_value,2025-03-03
E00260,C0006,P0276,core_complete,2025-05-14
E00261,C0048,P0211,contract_start,2025-01-01
E00261,C0048,P0211,kickoff,2025-01-14
E00261,C0048,P0211,first_login,2025-01-20
E00261,C0048,P0211,first_value,2025-01-25
E00261,C0048,P0211,core_complete,2025-02-09
E00262,C0070,P0400,contract_start,2025-01-01
E00262,C0070,P0400,kickoff,2025-01-14
E00262,C0070,P0400,first_login,2025-01-21
E00262,C0070,P0400,first_value,2025-02-01
E00262,C0070,P0400,core_complete,2025-04-19
E00263,C0098,P0023,contract_start,2025-02-01
E00263,C0098,P0023,kickoff,2025-02-14
E00263,C0098,P0023,first_login,2025-02-16
E00263,C0098,P0023,first_value,2025-02-15
E00264,C0061,P0382,contract_start,2025-10-01
E00264,C0061,P0382,kickoff,2025-10-10
E00264,C0061,P0382,first_login,2025-10-21
E00264,C0061,P0382,first_value,2025-10-22
E00264,C0061,P0382,core_complete,2025-11-18
E00265,C0069,P0059,contract_start,2025-06-01
E00265,C0069,P0059,kickoff,2025-06-20
E00265,C0069,P0059,first_login,2025-06-18
E00265,C0069,P0059,first_value,2025-07-29
E00265,C0069,P0059,core_complete,2025-09-19
E00266,C0047,P0035,contract_start,2025-11-01
E00266,C0047,P0035,kickoff,2025-11-17
E00266,C0047,P0035,first_login,2025-11-30
E00266,C0047,P0035,first_value,2026-01-08
E00266,C0047,P0035,core_complete,2026-03-29
E00267,C0056,P0421,contract_start,2025-03-01
E00267,C0056,P0421,kickoff,2025-03-07
E00267,C0056,P0421,first_login,2025-03-22
E00267,C0056,P0421,first_value,2025-05-01
E00267,C0056,P0421,core_complete,2025-06-27
E00268,C0086,P0091,contract_start,2025-02-01
E00268,C0086,P0091,kickoff,2025-02-19
E00268,C0086,P0091,first_login,2025-02-25
E00268,C0086,P0091,first_value,2025-02-10
E00269,C0066,P0344,contract_start,2025-11-01
E00269,C0066,P0344,kickoff,2025-11-14
E00269,C0066,P0344,first_login,2025-11-13
E00269,C0066,P0344,first_value,2025-12-06
E00269,C0066,P0344,core_complete,2026-03-01
E00270,C0040,P0111,contract_start,2025-02-01
E00270,C0040,P0111,kickoff,2025-02-16
E00271,C0021,P0025,contract_start,2025-08-01
E00271,C0021,P0025,kickoff,2025-08-22
E00271,C0021,P0025,first_login,2025-09-04
E00271,C0021,P0025,first_value,2025-08-28
E00271,C0021,P0025,core_complete,2025-10-13
E00272,C0069,P0003,contract_start,2025-04-01
E00272,C0069,P0003,kickoff,2025-04-09
E00272,C0069,P0003,first_login,2025-04-26
E00272,C0069,P0003,first_value,2025-05-28
E00272,C0069,P0003,core_complete,2025-08-10
E00273,C0055,P0123,contract_start,2025-03-01
E00273,C0055,P0123,kickoff,2025-03-07
E00273,C0055,P0123,first_login,2025-03-17
E00273,C0055,P0123,first_value,2025-03-20
E00273,C0055,P0123,core_complete,2025-04-09
E00274,C0058,P0173,contract_start,2025-06-01
E00274,C0058,P0173,kickoff,2025-06-10
E00274,C0058,P0173,first_login,2025-07-04
E00274,C0058,P0173,first_value,2025-07-23
E00274,C0058,P0173,core_complete,2025-09-21
E00275,C0034,P0050,contract_start,2025-01-01
E00275,C0034,P0050,kickoff,2025-01-22
E00275,C0034,P0050,first_login,2025-01-26
E00275,C0034,P0050,first_value,2025-02-02
E00275,C0034,P0050,core_complete,2025-03-20
E00276,C0063,P0418,contract_start,2024-12-01
E00277,C0021,P0479,contract_start,2025-10-01
E00277,C0021,P0479,kickoff,2025-10-17
E00277,C0021,P0479,first_login,2025-10-18
E00277,C0021,P0479,first_value,2025-10-30
E00277,C0021,P0479,core_complete,2025-11-29
E00278,C0029,P0183,contract_start,2025-01-01
E00278,C0029,P0183,kickoff,2025-01-04
E00278,C0029,P0183,first_login,2025-01-11
E00278,C0029,P0183,first_value,2025-02-18
E00278,C0029,P0183,core_complete,2025-03-19
E00279,C0058,P0109,contract_start,2025-06-01
E00279,C0058,P0109,kickoff,2025-06-05
E00279,C0058,P0109,first_login,2025-06-27
E00279,C0058,P0109,first_value,2025-07-23
E00279,C0058,P0109,core_complete,2025-09-10
E00280,C0069,P0189,contract_start,2025-10-01
E00280,C0069,P0189,kickoff,2025-10-17
E00280,C0069,P0189,first_login,2025-10-27
E00280,C0069,P0189,first_value,2025-11-22
E00280,C0069,P0189,core_complete,2026-01-21
E00281,C0049,P0307,contract_start,2025-03-01
E00282,C0007,P0049,contract_start,2025-01-01
E00282,C0007,P0049,kickoff,2025-01-13
E00282,C0007,P0049,first_login,2025-01-25
E00282,C0007,P0049,first_value,2025-01-26
E00283,C0021,P0498,contract_start,2025-11-01
E00283,C0021,P0498,kickoff,2025-11-08
E00283,C0021,P0498,first_login,2025-11-22
E00283,C0021,P0498,first_value,2025-12-02
E00283,C0021,P0498,core_complete,2026-01-12
E00284,C0015,P0342,contract_start,2025-10-01
E00284,C0015,P0342,kickoff,2025-10-16
E00284,C0015,P0342,first_login,2025-10-22
E00284,C0015,P0342,first_value,2025-12-02
E00284,C0015,P0342,core_complete,2026-02-03
E00285,C0096,P0328,contract_start,2024-12-01
E00285,C0096,P0328,kickoff,2024-12-13
E00285,C0096,P0328,first_login,2024-12-16
E00285,C0096,P0328,first_value,2025-02-03
E00285,C0096,P0328,core_complete,2025-03-25
E00286,C0075,P0316,contract_start,2025-11-01
E00286,C0075,P0316,kickoff,2025-11-10
E00286,C0075,P0316,first_login,2025-12-03
E00286,C0075,P0316,first_value,2025-11-30
E00286,C0075,P0316,core_complete,2026-02-19
E00287,C0068,P0318,contract_start,2025-11-01
E00287,C0068,P0318,kickoff,2025-11-04
E00287,C0068,P0318,first_login,2025-12-06
E00287,C0068,P0318,first_value,2025-11-27
E00287,C0068,P0318,core_complete,2025-12-14
E00288,C0018,P0078,contract_start,2025-05-01
E00288,C0018,P0078,kickoff,2025-05-20
E00288,C0018,P0078,first_login,2025-05-18
E00288,C0018,P0078,first_value,2025-05-29
E00288,C0018,P0078,core_complete,2025-07-23
E00289,C0084,P0307,contract_start,2024-12-01
E00289,C0084,P0307,kickoff,2024-12-16
E00289,C0084,P0307,first_login,2025-01-03
E00289,C0084,P0307,first_value,2025-01-24
E00289,C0084,P0307,core_complete,2025-03-05
E00290,C0016,P0330,contract_start,2025-05-01
E00290,C0016,P0330,kickoff,2025-05-13
E00290,C0016,P0330,first_login,2025-05-13
E00290,C0016,P0330,first_value,2025-06-24
E00290,C0016,P0330,core_complete,2025-07-20
E00291,C0031,P0118,contract_start,2025-06-01
E00291,C0031,P0118,kickoff,2025-07-27
E00292,C0063,P0341,contract_start,2025-03-01
E00293,C0004,P0196,contract_start,2025-11-01
E00294,C0012,P0252,contract_start,2025-10-01
E00294,C0012,P0252,kickoff,2025-11-05
E00295,C0024,P0065,contract_start,2024-12-01
E00295,C0024,P0065,kickoff,2024-12-19
E00295,C0024,P0065,first_login,2025-01-03
E00295,C0024,P0065,first_value,2024-12-26
E00295,C0024,P0065,core_complete,2025-01-25
E00296,C0074,P0041,contract_start,2025-08-01
E00296,C0074,P0041,kickoff,2025-08-04
E00296,C0074,P0041,first_login,2025-08-12
E00296,C0074,P0041,first_value,2025-09-10
E00296,C0074,P0041,core_complete,2025-10-10
E00297,C0050,P0126,contract_start,2025-04-01
E00297,C0050,P0126,kickoff,2025-04-11
E00297,C0050,P0126,first_login,2025-04-25
E00297,C0050,P0126,first_value,2025-05-18
E00297,C0050,P0126,core_complete,2025-07-24
E00298,C0027,P0230,contract_start,2025-03-01
E00298,C0027,P0230,kickoff,2025-03-19
E00298,C0027,P0230,first_login,2025-03-20
E00298,C0027,P0230,first_value,2025-03-22
E00298,C0027,P0230,core_complete,2025-06-19
E00299,C0095,P0185,contract_start,2025-07-01
E00299,C0095,P0185,kickoff,2025-07-10
E00299,C0095,P0185,first_login,2025-07-28
E00299,C0095,P0185,first_value,2025-08-30
E00299,C0095,P0185,core_complete,2025-11-11
E00300,C0039,P0313,contract_start,2025-07-01
E00300,C0039,P0313,kickoff,2025-07-17
E00300,C0039,P0313,first_login,2025-07-30
E00300,C0039,P0313,first_value,2025-08-15
E00300,C0039,P0313,core_complete,2025-10-02
E00301,C0076,P0219,contract_start,2025-07-01
E00301,C0076,P0219,kickoff,2025-07-05
E00301,C0076,P0219,first_login,2025-07-25
E00301,C0076,P0219,first_value,2025-09-03
E00301,C0076,P0219,core_complete,2025-11-14
E00302,C0031,P0090,contract_start,2025-04-01
E00303,C0078,P0288,contract_start,2025-04-01
E00303,C0078,P0288,kickoff,2025-04-06
E00303,C0078,P0288,first_login,2025-04-09
E00303,C0078,P0288,first_value,2025-05-19
E00303,C0078,P0288,core_complete,2025-06-20
E00304,C0049,P0470,contract_start,2025-02-01
E00305,C0066,P0474,contract_start,2025-08-01
E00305,C0066,P0474,kickoff,2025-08-05
E00305,C0066,P0474,first_login,2025-08-08
E00305,C0066,P0474,first_value,2025-09-06
E00305,C0066,P0474,core_complete,2025-09-20
E00306,C0055,P0158,contract_start,2025-11-01
E00306,C0055,P0158,kickoff,2025-11-15
E00306,C0055,P0158,first_login,2025-12-05
E00306,C0055,P0158,first_value,2025-11-11
E00306,C0055,P0158,core_complete,2025-12-09
E00307,C0085,P0290,contract_start,2024-12-01
E00307,C0085,P0290,kickoff,2024-12-13
E00307,C0085,P0290,first_login,2025-01-02
E00307,C0085,P0290,first_value,2025-01-19
E00307,C0085,P0290,core_complete,2025-03-14
E00308,C0056,P0385,contract_start,2025-06-01
E00308,C0056,P0385,kickoff,2025-06-12
E00308,C0056,P0385,first_login,2025-06-13
E00308,C0056,P0385,first_value,2025-07-18
E00308,C0056,P0385,core_complete,2025-08-05
E00309,C0015,P0334,contract_start,2025-07-01
E00309,C0015,P0334,kickoff,2025-07-17
E00309,C0015,P0334,first_login,2025-07-31
E00309,C0015,P0334,first_value,2025-09-10
E00309,C0015,P0334,core_complete,2025-12-04
E00310,C0007,P0018,contract_start,2025-11-01
E00310,C0007,P0018,kickoff,2025-11-10
E00310,C0007,P0018,first_login,2025-11-26
E00310,C0007,P0018,first_value,2025-11-22
E00311,C0096,P0331,contract_start,2025-10-01
E00311,C0096,P0331,kickoff,2025-10-11
E00311,C0096,P0331,first_login,2025-10-26
E00311,C0096,P0331,first_value,2025-11-25
E00311,C0096,P0331,core_complete,2026-01-02
E00312,C0050,P0309,contract_start,2025-07-01
E00312,C0050,P0309,kickoff,2025-07-21
E00312,C0050,P0309,first_login,2025-07-29
E00312,C0050,P0309,first_value,2025-07-27
E00312,C0050,P0309,core_complete,2025-08-27
E00313,C0062,P0301,contract_start,2025-01-01
E00314,C0085,P0219,contract_start,2025-03-01
E00314,C0085,P0219,kickoff,2025-03-20
E00314,C0085,P0219,first_login,2025-03-26
E00314,C0085,P0219,first_value,2025-04-02
E00314,C0085,P0219,core_complete,2025-05-06
E00315,C0024,P0376,contract_start,2025-08-01
E00315,C0024,P0376,kickoff,2025-08-09
E00315,C0024,P0376,first_login,2025-09-01
E00315,C0024,P0376,first_value,2025-10-13
E00315,C0024,P0376,core_complete,2025-12-16
E00316,C0089,P0294,contract_start,2025-11-01
E00317,C0019,P0204,contract_start,2025-04-01
E00317,C0019,P0204,kickoff,2025-04-19
E00317,C0019,P0204,first_login,2025-05-06
E00317,C0019,P0204,first_value,2025-06-07
E00317,C0019,P0204,core_complete,2025-07-22
E00318,C0080,P0036,contract_start,2025-02-01
E00318,C0080,P0036,kickoff,2025-02-09
E00318,C0080,P0036,first_login,2025-02-28
E00318,C0080,P0036,first_value,2025-03-07
E00318,C0080,P0036,core_complete,2025-04-15
E00319,C0044,P0088,contract_start,2025-10-01
E00319,C0044,P0088,kickoff,2025-10-06
E00319,C0044,P0088,first_login,2025-10-24
E00319,C0044,P0088,first_value,2025-11-29
E00319,C0044,P0088,core_complete,2026-02-21
E00320,C0054,P0094,contract_start,2025-11-01
E00320,C0054,P0094,kickoff,2025-11-11
E00320,C0054,P0094,first_login,2025-11-10
E00320,C0054,P0094,first_value,2026-01-12
E00320,C0054,P0094,core_complete,2026-04-06
E00321,C0035,P0384,contract_start,2025-03-01
E00321,C0035,P0384,kickoff,2025-03-22
E00321,C0035,P0384,first_login,2025-03-13
E00321,C0035,P0384,first_value,2025-05-03
E00321,C0035,P0384,core_complete,2025-06-22
E00322,C0070,P0447,contract_start,2025-03-01
E00322,C0070,P0447,kickoff,2025-03-11
E00322,C0070,P0447,first_login,2025-03-17
E00322,C0070,P0447,first_value,2025-03-25
E00322,C0070,P0447,core_complete,2025-05-18
E00323,C0080,P0086,contract_start,2025-09-01
E00323,C0080,P0086,kickoff,2025-09-04
E00323,C0080,P0086,first_login,2025-10-04
E00323,C0080,P0086,first_value,2025-10-21
E00323,C0080,P0086,core_complete,2026-01-02
E00324,C0088,P0176,contract_start,2025-06-01
E00324,C0088,P0176,kickoff,2025-06-19
E00324,C0088,P0176,first_login,2025-06-19
E00324,C0088,P0176,first_value,2025-06-21
E00324,C0088,P0176,core_complete,2025-09-09
E00325,C0033,P0052,contract_start,2025-07-01
E00325,C0033,P0052,kickoff,2025-07-13
E00325,C0033,P0052,first_login,2025-07-26
E00325,C0033,P0052,first_value,2025-08-08
E00325,C0033,P0052,core_complete,2025-09-12
E00326,C0098,P0268,contract_start,2024-12-01
E00326,C0098,P0268,kickoff,2024-12-15
E00326,C0098,P0268,first_login,2024-12-22
E00326,C0098,P0268,first_value,2024-12-22
E00327,C0065,P0243,contract_start,2025-08-01
E00327,C0065,P0243,kickoff,2025-08-17
E00327,C0065,P0243,first_login,2025-08-12
E00327,C0065,P0243,first_value,2025-10-09
E00327,C0065,P0243,core_complete,2025-12-27
E00328,C0061,P0176,contract_start,2025-05-01
E00328,C0061,P0176,kickoff,2025-05-04
E00328,C0061,P0176,first_login,2025-06-02
E00328,C0061,P0176,first_value,2025-06-09
E00328,C0061,P0176,core_complete,2025-06-28
E00329,C0031,P0030,contract_start,2025-05-01
E00330,C0019,P0358,contract_start,2025-01-01
E00330,C0019,P0358,kickoff,2025-01-12
E00330,C0019,P0358,first_login,2025-01-25
E00330,C0019,P0358,first_value,2025-02-07
E00330,C0019,P0358,core_complete,2025-03-24
E00331,C0076,P0445,contract_start,2025-02-01
E00331,C0076,P0445,kickoff,2025-02-09
E00331,C0076,P0445,first_login,2025-02-13
E00331,C0076,P0445,first_value,2025-03-16
E00331,C0076,P0445,core_complete,2025-05-08
E00332,C0026,P0352,contract_start,2025-03-01
E00332,C0026,P0352,kickoff,2025-03-07
E00332,C0026,P0352,first_login,2025-03-14
E00332,C0026,P0352,first_value,2025-05-12
E00332,C0026,P0352,core_complete,2025-05-26
E00333,C0063,P0327,contract_start,2025-10-01
E00334,C0063,P0377,contract_start,2025-05-01
E00335,C0082,P0314,contract_start,2025-03-01
E00335,C0082,P0314,kickoff,2025-03-15
E00335,C0082,P0314,first_login,2025-03-17
E00335,C0082,P0314,first_value,2025-03-29
E00335,C0082,P0314,core_complete,2025-05-04
E00336,C0027,P0151,contract_start,2025-07-01
E00336,C0027,P0151,kickoff,2025-07-15
E00336,C0027,P0151,first_login,2025-07-11
E00336,C0027,P0151,first_value,2025-09-06
E00336,C0027,P0151,core_complete,2025-09-19
E00337,C0037,P0408,contract_start,2025-08-01
E00337,C0037,P0408,kickoff,2025-08-17
E00337,C0037,P0408,first_login,2025-08-23
E00337,C0037,P0408,first_value,2025-09-09
E00337,C0037,P0408,core_complete,2025-10-18
E00338,C0001,P0229,contract_start,2025-10-01
E00338,C0001,P0229,kickoff,2025-10-17
E00338,C0001,P0229,first_login,2025-10-15
E00338,C0001,P0229,first_value,2025-11-15
E00338,C0001,P0229,core_complete,2026-02-10
E00339,C0001,P0088,contract_start,2025-08-01
E00339,C0001,P0088,kickoff,2025-08-04
E00339,C0001,P0088,first_login,2025-09-04
E00339,C0001,P0088,first_value,2025-09-11
E00339,C0001,P0088,core_complete,2025-10-23
E00340,C0092,P0476,contract_start,2025-11-01
E00340,C0092,P0476,kickoff,2025-11-26
E00341,C0030,P0341,contract_start,2025-04-01
E00341,C0030,P0341,kickoff,2025-04-19
E00341,C0030,P0341,first_login,2025-05-06
E00341,C0030,P0341,first_value,2025-04-30
E00341,C0030,P0341,core_complete,2025-06-12
E00342,C0051,P0473,contract_start,2025-10-01
E00342,C0051,P0473,kickoff,2025-10-08
E00342,C0051,P0473,first_login,2025-10-21
E00342,C0051,P0473,first_value,2025-12-15
E00342,C0051,P0473,core_complete,2026-02-27
E00343,C0033,P0478,contract_start,2025-11-01
E00343,C0033,P0478,kickoff,2025-11-18
E00343,C0033,P0478,first_login,2025-12-05
E00343,C0033,P0478,first_value,2025-11-23
E00343,C0033,P0478,core_complete,2025-12-25
E00344,C0074,P0402,contract_start,2025-06-01
E00344,C0074,P0402,kickoff,2025-06-10
E00344,C0074,P0402,first_login,2025-06-28
E00344,C0074,P0402,first_value,2025-08-12
E00344,C0074,P0402,core_complete,2025-09-08
E00345,C0091,P0045,contract_start,2025-03-01
E00345,C0091,P0045,kickoff,2025-03-20
E00345,C0091,P0045,first_login,2025-03-10
E00345,C0091,P0045,first_value,2025-04-18
E00345,C0091,P0045,core_complete,2025-07-16
E00346,C0003,P0060,contract_start,2025-11-01
E00346,C0003,P0060,kickoff,2025-11-22
E00346,C0003,P0060,first_login,2025-12-02
E00346,C0003,P0060,first_value,2025-12-05
E00346,C0003,P0060,core_complete,2026-02-09
E00347,C0033,P0001,contract_start,2025-05-01
E00347,C0033,P0001,kickoff,2025-05-14
E00347,C0033,P0001,first_login,2025-06-05
E00347,C0033,P0001,first_value,2025-05-29
E00347,C0033,P0001,core_complete,2025-06-17
E00348,C0017,P0217,contract_start,2025-08-01
E00348,C0017,P0217,kickoff,2025-08-09
E00348,C0017,P0217,first_login,2025-08-22
E00348,C0017,P0217,first_value,2025-10-07
E00348,C0017,P0217,core_complete,2025-11-17
E00349,C0012,P0309,contract_start,2025-10-01
E00350,C0098,P0418,contract_start,2024-12-01
E00350,C0098,P0418,kickoff,2024-12-19
E00350,C0098,P0418,first_login,2025-01-05
E00350,C0098,P0418,first_value,2024-12-11
E00351,C0087,P0146,contract_start,2025-07-01
E00351,C0087,P0146,kickoff,2025-07-06
E00351,C0087,P0146,first_login,2025-07-17
E00351,C0087,P0146,first_value,2025-08-28
E00351,C0087,P0146,core_complete,2025-10-07
E00352,C0042,P0159,contract_start,2025-11-01
E00352,C0042,P0159,kickoff,2025-11-07
E00352,C0042,P0159,first_login,2025-12-06
E00352,C0042,P0159,first_value,2025-11-28
E00352,C0042,P0159,core_complete,2026-01-28
E00353,C0098,P0111,contract_start,2025-11-01
E00353,C0098,P0111,kickoff,2025-11-09
E00353,C0098,P0111,first_login,2025-11-15
E00353,C0098,P0111,first_value,2025-11-22
E00354,C0086,P0171,contract_start,2025-06-01
E00354,C0086,P0171,kickoff,2025-06-14
E00354,C0086,P0171,first_login,2025-07-03
E00354,C0086,P0171,first_value,2025-06-17
E00355,C0028,P0027,contract_start,2025-03-01
E00355,C0028,P0027,kickoff,2025-03-04
E00355,C0028,P0027,first_login,2025-03-08
E00355,C0028,P0027,first_value,2025-04-06
E00355,C0028,P0027,core_complete,2025-04-28
E00356,C0087,P0418,contract_start,2025-11-01
E00356,C0087,P0418,kickoff,2025-11-20
E00356,C0087,P0418,first_login,2025-12-03
E00356,C0087,P0418,first_value,2025-11-22
E00356,C0087,P0418,core_complete,2026-01-09
E00357,C0071,P0348,contract_start,2025-08-01
E00357,C0071,P0348,kickoff,2025-08-21
E00357,C0071,P0348,first_login,2025-08-19
E00357,C0071,P0348,first_value,2025-08-10
E00358,C0013,P0373,contract_start,2025-06-01
E00358,C0013,P0373,kickoff,2025-06-05
E00358,C0013,P0373,first_login,2025-06-12
E00358,C0013,P0373,first_value,2025-06-25
E00358,C0013,P0373,core_complete,2025-08-12
E00359,C0048,P0166,contract_start,2025-03-01
E00359,C0048,P0166,kickoff,2025-03-06
E00359,C0048,P0166,first_login,2025-03-30
E00359,C0048,P0166,first_value,2025-04-06
E00359,C0048,P0166,core_complete,2025-04-27
E00360,C0025,P0084,contract_start,2025-11-01
E00360,C0025,P0084,kickoff,2025-11-18
E00360,C0025,P0084,first_login,2025-11-09
E00360,C0025,P0084,first_value,2025-11-29
E00360,C0025,P0084,core_complete,2026-02-01
E00361,C0016,P0108,contract_start,2025-07-01
E00361,C0016,P0108,kickoff,2025-07-06
E00361,C0016,P0108,first_login,2025-07-21
E00361,C0016,P0108,first_value,2025-08-30
E00361,C0016,P0108,core_complete,2025-11-16
E00362,C0052,P0439,contract_start,2025-03-01
E00362,C0052,P0439,kickoff,2025-03-18
E00362,C0052,P0439,first_login,2025-03-28
E00362,C0052,P0439,first_value,2025-05-10
E00362,C0052,P0439,core_complete,2025-06-12
E00363,C0060,P0219,contract_start,2025-02-01
E00363,C0060,P0219,kickoff,2025-02-06
E00363,C0060,P0219,first_login,2025-02-17
E00363,C0060,P0219,first_value,2025-03-29
E00363,C0060,P0219,core_complete,2025-04-09
E00364,C0050,P0092,contract_start,2025-01-01
E00364,C0050,P0092,kickoff,2025-01-10
E00364,C0050,P0092,first_login,2025-01-29
E00364,C0050,P0092,first_value,2025-01-29
E00364,C0050,P0092,core_complete,2025-03-15
E00365,C0032,P0497,contract_start,2025-08-01
E00365,C0032,P0497,kickoff,2025-08-10
E00365,C0032,P0497,first_login,2025-08-28
E00365,C0032,P0497,first_value,2025-09-09
E00365,C0032,P0497,core_complete,2025-10-21
E00366,C0035,P0124,contract_start,2025-06-01
E00366,C0035,P0124,kickoff,2025-06-10
E00366,C0035,P0124,first_login,2025-07-01
E00366,C0035,P0124,first_value,2025-07-04
E00366,C0035,P0124,core_complete,2025-07-30
E00367,C0033,P0193,contract_start,2025-11-01
E00367,C0033,P0193,kickoff,2025-11-07
E00367,C0033,P0193,first_login,2025-11-09
E00367,C0033,P0193,first_value,2025-12-17
E00367,C0033,P0193,core_complete,2026-01-01
E00368,C0036,P0335,contract_start,2025-10-01
E00368,C0036,P0335,kickoff,2025-10-04
E00368,C0036,P0335,first_login,2025-10-17
E00368,C0036,P0335,first_value,2025-12-13
E00368,C0036,P0335,core_complete,2025-12-31
E00369,C0013,P0251,contract_start,2025-01-01
E00369,C0013,P0251,kickoff,2025-01-04
E00369,C0013,P0251,first_login,2025-01-28
E00369,C0013,P0251,first_value,2025-02-08
E00369,C0013,P0251,core_complete,2025-03-05
E00370,C0022,P0382,contract_start,2025-09-01
E00370,C0022,P0382,kickoff,2025-09-11
E00370,C0022,P0382,first_login,2025-09-18
E00370,C0022,P0382,first_value,2025-09-21
E00370,C0022,P0382,core_complete,2025-12-13
E00371,C0026,P0331,contract_start,2025-02-01
E00371,C0026,P0331,kickoff,2025-02-13
E00371,C0026,P0331,first_login,2025-02-12
E00371,C0026,P0331,first_value,2025-02-24
E00371,C0026,P0331,core_complete,2025-03-24
E00372,C0002,P0366,contract_start,2025-02-01
E00372,C0002,P0366,kickoff,2025-02-08
E00372,C0002,P0366,first_login,2025-03-01
E00372,C0002,P0366,first_value,2025-03-07
E00372,C0002,P0366,core_complete,2025-05-10
E00373,C0092,P0419,contract_start,2025-11-01
E00374,C0093,P0107,contract_start,2025-09-01
E00374,C0093,P0107,kickoff,2025-09-18
E00374,C0093,P0107,first_login,2025-09-12
E00374,C0093,P0107,first_value,2025-09-13
E00374,C0093,P0107,core_complete,2025-11-10
E00375,C0012,P0229,contract_start,2025-09-01
E00376,C0008,P0045,contract_start,2025-02-01
E00376,C0008,P0045,kickoff,2025-02-06
E00376,C0008,P0045,first_login,2025-03-02
E00376,C0008,P0045,first_value,2025-03-26
E00376,C0008,P0045,core_complete,2025-06-18
E00377,C0044,P0260,contract_start,2024-12-01
E00377,C0044,P0260,kickoff,2024-12-21
E00377,C0044,P0260,first_login,2024-12-23
E00377,C0044,P0260,first_value,2025-02-04
E00377,C0044,P0260,core_complete,2025-04-17
E00378,C0068,P0484,contract_start,2025-08-01
E00378,C0068,P0484,kickoff,2025-08-17
E00378,C0068,P0484,first_login,2025-08-23
E00378,C0068,P0484,first_value,2025-10-07
E00378,C0068,P0484,core_complete,2025-10-25
E00379,C0081,P0228,contract_start,2024-12-01
E00379,C0081,P0228,kickoff,2024-12-10
E00379,C0081,P0228,first_login,2024-12-24
E00379,C0081,P0228,first_value,2025-01-20
E00379,C0081,P0228,core_complete,2025-02-15
E00380,C0011,P0181,contract_start,2025-11-01
E00380,C0011,P0181,kickoff,2025-11-10
E00380,C0011,P0181,first_login,2025-11-27
E00380,C0011,P0181,first_value,2025-12-25
E00380,C0011,P0181,core_complete,2026-03-18
E00381,C0058,P0097,contract_start,2025-10-01
E00381,C0058,P0097,kickoff,2025-10-11
E00381,C0058,P0097,first_login,2025-10-27
E00381,C0058,P0097,first_value,2025-11-19
E00381,C0058,P0097,core_complete,2025-12-04
E00382,C0088,P0111,contract_start,2025-03-01
E00382,C0088,P0111,kickoff,2025-03-12
E00382,C0088,P0111,first_login,2025-03-24
E00382,C0088,P0111,first_value,2025-04-20
E00382,C0088,P0111,core_complete,2025-06-04
E00383,C0035,P0131,contract_start,2025-11-01
E00383,C0035,P0131,kickoff,2025-11-15
E00383,C0035,P0131,first_login,2025-11-11
E00383,C0035,P0131,first_value,2025-12-28
E00383,C0035,P0131,core_complete,2026-02-19
E00384,C0006,P0484,contract_start,2025-02-01
E00384,C0006,P0484,kickoff,2025-02-20
E00384,C0006,P0484,first_login,2025-02-21
E00384,C0006,P0484,first_value,2025-03-25
E00384,C0006,P0484,core_complete,2025-06-01
E00385,C0019,P0037,contract_start,2025-11-01
E00385,C0019,P0037,kickoff,2025-11-11
E00385,C0019,P0037,first_login,2025-11-16
E00385,C0019,P0037,first_value,2025-11-28
E00385,C0019,P0037,core_complete,2025-12-11
E00386,C0034,P0289,contract_start,2025-11-01
E00386,C0034,P0289,kickoff,2025-11-19
E00386,C0034,P0289,first_login,2025-11-26
E00386,C0034,P0289,first_value,2026-01-02
E00386,C0034,P0289,core_complete,2026-01-17
E00387,C0008,P0223,contract_start,2025-02-01
E00387,C0008,P0223,kickoff,2025-02-11
E00387,C0008,P0223,first_login,2025-02-28
E00387,C0008,P0223,first_value,2025-04-02
E00387,C0008,P0223,core_complete,2025-05-26
E00388,C0074,P0064,contract_start,2025-09-01
E00388,C0074,P0064,kickoff,2025-09-19
E00388,C0074,P0064,first_login,2025-10-03
E00388,C0074,P0064,first_value,2025-10-11
E00388,C0074,P0064,core_complete,2026-01-08
E00389,C0082,P0046,contract_start,2025-06-01
E00389,C0082,P0046,kickoff,2025-06-10
E00389,C0082,P0046,first_login,2025-06-26
E00389,C0082,P0046,first_value,2025-07-05
E00389,C0082,P0046,core_complete,2025-08-25
E00390,C0083,P0116,contract_start,2025-04-01
E00390,C0083,P0116,kickoff,2025-04-11
E00390,C0083,P0116,first_login,2025-04-29
E00390,C0083,P0116,first_value,2025-05-04
E00390,C0083,P0116,core_complete,2025-05-18
E00391,C0004,P0054,contract_start,2025-06-01
E00391,C0004,P0054,kickoff,2025-06-28
E00392,C0005,P0414,contract_start,2025-11-01
E00392,C0005,P0414,kickoff,2025-11-13
E00392,C0005,P0414,first_login,2025-11-27
E00392,C0005,P0414,first_value,2025-12-03
E00392,C0005,P0414,core_complete,2026-02-25
E00393,C0020,P0312,contract_start,2025-05-01
E00393,C0020,P0312,kickoff,2025-05-09
E00393,C0020,P0312,first_login,2025-05-22
E00393,C0020,P0312,first_value,2025-05-26
E00393,C0020,P0312,core_complete,2025-07-07
E00394,C0007,P0200,contract_start,2025-02-01
E00394,C0007,P0200,kickoff,2025-02-04
E00394,C0007,P0200,first_login,2025-02-21
E00394,C0007,P0200,first_value,2025-02-19
E00395,C0039,P0066,contract_start,2025-11-01
E00395,C0039,P0066,kickoff,2025-11-17
E00395,C0039,P0066,first_login,2025-12-06
E00395,C0039,P0066,first_value,2025-12-20
E00395,C0039,P0066,core_complete,2026-01-05
E00396,C0073,P0074,contract_start,2025-08-01
E00396,C0073,P0074,kickoff,2025-08-18
E00396,C0073,P0074,first_login,2025-08-28
E00396,C0073,P0074,first_value,2025-08-25
E00396,C0073,P0074,core_complete,2025-09-29
E00397,C0014,P0328,contract_start,2025-04-01
E00397,C0014,P0328,kickoff,2025-04-18
E00397,C0014,P0328,first_login,2025-04-25
E00397,C0014,P0328,first_value,2025-06-02
E00397,C0014,P0328,core_complete,2025-06-19
E00398,C0023,P0094,contract_start,2025-03-01
E00398,C0023,P0094,kickoff,2025-03-15
E00398,C0023,P0094,first_login,2025-03-19
E00398,C0023,P0094,first_value,2025-05-03
E00398,C0023,P0094,core_complete,2025-06-25
E00399,C0036,P0220,contract_start,2025-07-01
E00399,C0036,P0220,kickoff,2025-07-11
E00399,C0036,P0220,first_login,2025-07-29
E00399,C0036,P0220,first_value,2025-08-10
E00399,C0036,P0220,core_complete,2025-08-24
E00400,C0022,P0161,contract_start,2025-01-01
E00400,C0022,P0161,kickoff,2025-01-18
E00400,C0022,P0161,first_login,2025-02-01
E00400,C0022,P0161,first_value,2025-02-02
E00400,C0022,P0161,core_complete,2025-04-11
E00401,C0053,P0085,contract_start,2025-01-01
E00401,C0053,P0085,kickoff,2025-01-18
E00401,C0053,P0085,first_login,2025-01-30
E00401,C0053,P0085,first_value,2025-01-25
E00402,C0039,P0006,contract_start,2025-04-01
E00402,C0039,P0006,kickoff,2025-04-21
E00402,C0039,P0006,first_login,2025-05-03
E00402,C0039,P0006,first_value,2025-05-28
E00402,C0039,P0006,core_complete,2025-06-24
E00403,C0092,P0264,contract_start,2025-11-01
E00404,C0025,P0382,contract_start,2025-09-01
E00404,C0025,P0382,kickoff,2025-09-07
E00404,C0025,P0382,first_login,2025-10-02
E00404,C0025,P0382,first_value,2025-09-23
E00404,C0025,P0382,core_complete,2025-11-30
E00405,C0099,P0379,contract_start,2025-11-01
E00406,C0022,P0188,contract_start,2025-02-01
E00406,C0022,P0188,kickoff,2025-02-04
E00406,C0022,P0188,first_login,2025-02-16
E00406,C0022,P0188,first_value,2025-03-07
E00406,C0022,P0188,core_complete,2025-05-19
E00407,C0027,P0088,contract_start,2024-12-01
E00407,C0027,P0088,kickoff,2024-12-06
E00407,C0027,P0088,first_login,2024-12-11
E00407,C0027,P0088,first_value,2025-02-09
E00407,C0027,P0088,core_complete,2025-04-11
E00408,C0021,P0436,contract_start,2025-05-01
E00408,C0021,P0436,kickoff,2025-05-07
E00408,C0021,P0436,first_login,2025-05-30
E00408,C0021,P0436,first_value,2025-06-18
E00408,C0021,P0436,core_complete,2025-09-04
E00409,C0009,P0002,contract_start,2025-07-01
E00409,C0009,P0002,kickoff,2025-07-04
E00409,C0009,P0002,first_login,2025-08-05
E00409,C0009,P0002,first_value,2025-07-14
E00409,C0009,P0002,core_complete,2025-09-01
E00410,C0005,P0457,contract_start,2025-04-01
E00410,C0005,P0457,kickoff,2025-04-21
E00410,C0005,P0457,first_login,2025-04-21
E00410,C0005,P0457,first_value,2025-05-17
E00410,C0005,P0457,core_complete,2025-08-01
E00411,C0052,P0182,contract_start,2024-12-01
E00411,C0052,P0182,kickoff,2024-12-17
E00411,C0052,P0182,first_login,2024-12-16
E00411,C0052,P0182,first_value,2025-01-07
E00411,C0052,P0182,core_complete,2025-02-02
E00412,C0090,P0005,contract_start,2025-11-01
E00412,C0090,P0005,kickoff,2025-11-13
E00412,C0090,P0005,first_login,2025-11-17
E00412,C0090,P0005,first_value,2026-01-12
E00412,C0090,P0005,core_complete,2026-01-29
E00413,C0030,P0461,contract_start,2025-03-01
E00413,C0030,P0461,kickoff,2025-03-12
E00413,C0030,P0461,first_login,2025-03-26
E00413,C0030,P0461,first_value,2025-04-25
E00413,C0030,P0461,core_complete,2025-05-15
E00414,C0059,P0337,contract_start,2025-07-01
E00414,C0059,P0337,kickoff,2025-07-07
E00414,C0059,P0337,first_login,2025-08-02
E00414,C0059,P0337,first_value,2025-07-14
E00414,C0059,P0337,core_complete,2025-09-21
E00415,C0085,P0220,contract_start,2025-06-01
E00415,C0085,P0220,kickoff,2025-06-18
E00415,C0085,P0220,first_login,2025-07-02
E00415,C0085,P0220,first_value,2025-06-21
E00415,C0085,P0220,core_complete,2025-07-21
E00416,C0090,P0337,contract_start,2025-04-01
E00416,C0090,P0337,kickoff,2025-04-14
E00416,C0090,P0337,first_login,2025-04-22
E00416,C0090,P0337,first_value,2025-06-09
E00416,C0090,P0337,core_complete,2025-07-26
E00417,C0084,P0453,contract_start,2025-05-01
E00417,C0084,P0453,kickoff,2025-05-11
E00417,C0084,P0453,first_login,2025-06-02
E00417,C0084,P0453,first_value,2025-07-08
E00417,C0084,P0453,core_complete,2025-08-18
E00418,C0076,P0216,contract_start,2025-04-01
E00418,C0076,P0216,kickoff,2025-04-08
E00418,C0076,P0216,first_login,2025-04-17
E00418,C0076,P0216,first_value,2025-06-13
E00418,C0076,P0216,core_complete,2025-08-29
E00419,C0024,P0492,contract_start,2025-02-01
E00419,C0024,P0492,kickoff,2025-02-22
E00419,C0024,P0492,first_login,2025-02-27
E00419,C0024,P0492,first_value,2025-04-17
E00419,C0024,P0492,core_complete,2025-07-12
E00420,C0039,P0366,contract_start,2025-07-01
E00420,C0039,P0366,kickoff,2025-07-05
E00420,C0039,P0366,first_login,2025-08-01
E00420,C0039,P0366,first_value,2025-08-03
E00420,C0039,P0366,core_complete,2025-09-15
E00421,C0089,P0491,contract_start,2025-06-01
E00422,C0054,P0007,contract_start,2025-02-01
E00422,C0054,P0007,kickoff,2025-02-11
E00422,C0054,P0007,first_login,2025-02-24
E00422,C0054,P0007,first_value,2025-02-27
E00422,C0054,P0007,core_complete,2025-05-04
E00423,C0060,P0378,contract_start,2025-05-01
E00423,C0060,P0378,kickoff,2025-05-20
E00423,C0060,P0378,first_login,2025-05-26
E00423,C0060,P0378,first_value,2025-06-26
E00423,C0060,P0378,core_complete,2025-08-26
E00424,C0082,P0390,contract_start,2025-04-01
E00424,C0082,P0390,kickoff,2025-04-22
E00424,C0082,P0390,first_login,2025-04-13
E00424,C0082,P0390,first_value,2025-04-25
E00424,C0082,P0390,core_complete,2025-06-10
E00425,C0003,P0393,contract_start,2025-02-01
E00425,C0003,P0393,kickoff,2025-02-20
E00425,C0003,P0393,first_login,2025-02-11
E00425,C0003,P0393,first_value,2025-02-27
E00425,C0003,P0393,core_complete,2025-03-16
E00426,C0023,P0220,contract_start,2025-11-01
E00426,C0023,P0220,kickoff,2025-11-06
E00426,C0023,P0220,first_login,2025-11-24
E00426,C0023,P0220,first_value,2025-12-18
E00426,C0023,P0220,core_complete,2026-01-28
E00427,C0092,P0438,contract_start,2025-01-01
E00427,C0092,P0438,kickoff,2025-01-16
E00428,C0020,P0099,contract_start,2025-02-01
E00428,C0020,P0099,kickoff,2025-02-12
E00428,C0020,P0099,first_login,2025-02-19
E00428,C0020,P0099,first_value,2025-04-06
E00428,C0020,P0099,core_complete,2025-04-28
E00429,C0014,P0027,contract_start,2025-09-01
E00429,C0014,P0027,kickoff,2025-09-20
E00429,C0014,P0027,first_login,2025-10-03
E00429,C0014,P0027,first_value,2025-09-28
E00429,C0014,P0027,core_complete,2025-11-24
E00430,C0079,P0219,contract_start,2025-04-01
E00430,C0079,P0219,kickoff,2025-04-06
E00430,C0079,P0219,first_login,2025-05-06
E00430,C0079,P0219,first_value,2025-06-12
E00430,C0079,P0219,core_complete,2025-06-24
E00431,C0072,P0138,contract_start,2025-06-01
E00431,C0072,P0138,kickoff,2025-06-11
E00431,C0072,P0138,first_login,2025-06-16
E00431,C0072,P0138,first_value,2025-07-06
E00431,C0072,P0138,core_complete,2025-08-19
E00432,C0020,P0459,contract_start,2025-05-01
E00432,C0020,P0459,kickoff,2025-05-10
E00432,C0020,P0459,first_login,2025-05-31
E00432,C0020,P0459,first_value,2025-07-13
E00432,C0020,P0459,core_complete,2025-09-09
E00433,C0020,P0165,contract_start,2024-12-01
E00433,C0020,P0165,kickoff,2024-12-19
E00433,C0020,P0165,first_login,2024-12-17
E00433,C0020,P0165,first_value,2024-12-22
E00433,C0020,P0165,core_complete,2025-01-27
E00434,C0091,P0130,contract_start,2025-04-01
E00434,C0091,P0130,kickoff,2025-04-16
E00434,C0091,P0130,first_login,2025-04-12
E00434,C0091,P0130,first_value,2025-05-11
E00434,C0091,P0130,core_complete,2025-06-16
E00435,C0091,P0007,contract_start,2025-04-01
E00435,C0091,P0007,kickoff,2025-04-07
E00435,C0091,P0007,first_login,2025-04-10
E00435,C0091,P0007,first_value,2025-06-12
E00435,C0091,P0007,core_complete,2025-07-05
E00436,C0095,P0302,contract_start,2025-11-01
E00436,C0095,P0302,kickoff,2025-11-06
E00436,C0095,P0302,first_login,2025-11-11
E00436,C0095,P0302,first_value,2025-12-28
E00436,C0095,P0302,core_complete,2026-01-24
E00437,C0014,P0045,contract_start,2025-04-01
E00437,C0014,P0045,kickoff,2025-04-04
E00437,C0014,P0045,first_login,2025-04-20
E00437,C0014,P0045,first_value,2025-04-21
E00437,C0014,P0045,core_complete,2025-06-01
E00438,C0091,P0496,contract_start,2025-11-01
E00438,C0091,P0496,kickoff,2025-11-16
E00438,C0091,P0496,first_login,2025-11-28
E00438,C0091,P0496,first_value,2025-12-28
E00438,C0091,P0496,core_complete,2026-01-11
E00439,C0045,P0280,contract_start,2025-07-01
E00439,C0045,P0280,kickoff,2025-07-15
E00439,C0045,P0280,first_login,2025-08-04
E00439,C0045,P0280,first_value,2025-07-16
E00439,C0045,P0280,core_complete,2025-09-03
E00440,C0090,P0079,contract_start,2025-07-01
E00440,C0090,P0079,kickoff,2025-07-12
E00440,C0090,P0079,first_login,2025-07-13
E00440,C0090,P0079,first_value,2025-08-31
E00440,C0090,P0079,core_complete,2025-11-05
E00441,C0054,P0389,contract_start,2025-06-01
E00441,C0054,P0389,kickoff,2025-06-11
E00441,C0054,P0389,first_login,2025-07-01
E00441,C0054,P0389,first_value,2025-08-08
E00441,C0054,P0389,core_complete,2025-10-28
E00442,C0027,P0035,contract_start,2025-07-01
E00442,C0027,P0035,kickoff,2025-07-12
E00442,C0027,P0035,first_login,2025-07-29
E00442,C0027,P0035,first_value,2025-07-29
E00442,C0027,P0035,core_complete,2025-08-23
E00443,C0075,P0141,contract_start,2025-08-01
E00443,C0075,P0141,kickoff,2025-08-07
E00443,C0075,P0141,first_login,2025-09-03
E00443,C0075,P0141,first_value,2025-09-16
E00443,C0075,P0141,core_complete,2025-12-14
E00444,C0096,P0356,contract_start,2025-09-01
E00444,C0096,P0356,kickoff,2025-09-22
E00444,C0096,P0356,first_login,2025-09-30
E00444,C0096,P0356,first_value,2025-10-30
E00444,C0096,P0356,core_complete,2025-11-27
E00445,C0014,P0446,contract_start,2025-06-01
E00445,C0014,P0446,kickoff,2025-06-17
E00445,C0014,P0446,first_login,2025-07-03
E00445,C0014,P0446,first_value,2025-08-04
E00445,C0014,P0446,core_complete,2025-09-18
E00446,C0033,P0200,contract_start,2025-08-01
E00446,C0033,P0200,kickoff,2025-08-14
E00446,C0033,P0200,first_login,2025-08-18
E00446,C0033,P0200,first_value,2025-09-03
E00446,C0033,P0200,core_complete,2025-11-20
E00447,C0019,P0293,contract_start,2025-03-01
E00447,C0019,P0293,kickoff,2025-03-08
E00447,C0019,P0293,first_login,2025-03-20
E00447,C0019,P0293,first_value,2025-04-23
E00447,C0019,P0293,core_complete,2025-05-10
E00448,C0038,P0369,contract_start,2024-12-01
E00448,C0038,P0369,kickoff,2024-12-21
E00448,C0038,P0369,first_login,2024-12-11
E00448,C0038,P0369,first_value,2025-01-07
E00448,C0038,P0369,core_complete,2025-01-21
E00449,C0086,P0283,contract_start,2025-03-01
E00449,C0086,P0283,kickoff,2025-03-09
E00449,C0086,P0283,first_login,2025-04-02
E00449,C0086,P0283,first_value,2025-03-15
E00450,C0027,P0328,contract_start,2024-12-01
E00450,C0027,P0328,kickoff,2024-12-15
E00450,C0027,P0328,first_login,2024-12-25
E00450,C0027,P0328,first_value,2025-01-13
E00450,C0027,P0328,core_complete,2025-03-08
E00451,C0038,P0405,contract_start,2025-04-01
E00451,C0038,P0405,kickoff,2025-04-20
E00451,C0038,P0405,first_login,2025-04-09
E00451,C0038,P0405,first_value,2025-06-04
E00451,C0038,P0405,core_complete,2025-07-05
E00452,C0018,P0001,contract_start,2025-03-01
E00452,C0018,P0001,kickoff,2025-03-20
E00452,C0018,P0001,first_login,2025-03-24
E00452,C0018,P0001,first_value,2025-03-22
E00452,C0018,P0001,core_complete,2025-06-03
E00453,C0028,P0362,contract_start,2025-05-01
E00453,C0028,P0362,kickoff,2025-05-14
E00453,C0028,P0362,first_login,2025-05-09
E00453,C0028,P0362,first_value,2025-05-26
E00453,C0028,P0362,core_complete,2025-06-16
E00454,C0059,P0030,contract_start,2025-06-01
E00454,C0059,P0030,kickoff,2025-06-22
E00454,C0059,P0030,first_login,2025-06-29
E00454,C0059,P0030,first_value,2025-07-07
E00454,C0059,P0030,core_complete,2025-08-13
E00455,C0071,P0498,contract_start,2025-03-01
E00455,C0071,P0498,kickoff,2025-03-15
E00455,C0071,P0498,first_login,2025-03-16
E00455,C0071,P0498,first_value,2025-03-18
E00456,C0083,P0353,contract_start,2025-09-01
E00456,C0083,P0353,kickoff,2025-09-08
E00456,C0083,P0353,first_login,2025-09-19
E00456,C0083,P0353,first_value,2025-09-19
E00456,C0083,P0353,core_complete,2025-12-01
E00457,C0072,P0113,contract_start,2025-04-01
E00457,C0072,P0113,kickoff,2025-04-19
E00457,C0072,P0113,first_login,2025-04-23
E00457,C0072,P0113,first_value,2025-05-07
E00457,C0072,P0113,core_complete,2025-07-28
E00458,C0064,P0119,contract_start,2025-09-01
E00458,C0064,P0119,kickoff,2025-09-16
E00458,C0064,P0119,first_login,2025-09-16
E00458,C0064,P0119,first_value,2025-11-10
E00458,C0064,P0119,core_complete,2025-11-24
E00459,C0049,P0236,contract_start,2025-07-01
E00459,C0049,P0236,kickoff,2025-07-29
E00460,C0089,P0483,contract_start,2025-02-01
E00461,C0024,P0091,contract_start,2024-12-01
E00461,C0024,P0091,kickoff,2024-12-05
E00461,C0024,P0091,first_login,2024-12-21
E00461,C0024,P0091,first_value,2024-12-21
E00461,C0024,P0091,core_complete,2025-03-06
E00462,C0003,P0219,contract_start,2025-03-01
E00462,C0003,P0219,kickoff,2025-03-08
E00462,C0003,P0219,first_login,2025-03-20
E00462,C0003,P0219,first_value,2025-04-09
E00462,C0003,P0219,core_complete,2025-05-05
E00463,C0025,P0270,contract_start,2025-10-01
E00463,C0025,P0270,kickoff,2025-10-18
E00463,C0025,P0270,first_login,2025-10-19
E00463,C0025,P0270,first_value,2025-12-11
E00463,C0025,P0270,core_complete,2026-02-22
E00464,C0055,P0011,contract_start,2024-12-01
E00464,C0055,P0011,kickoff,2024-12-18
E00464,C0055,P0011,first_login,2024-12-26
E00464,C0055,P0011,first_value,2025-01-05
E00464,C0055,P0011,core_complete,2025-03-01
E00465,C0061,P0395,contract_start,2025-10-01
E00465,C0061,P0395,kickoff,2025-10-13
E00465,C0061,P0395,first_login,2025-10-28
E00465,C0061,P0395,first_value,2025-10-23
E00465,C0061,P0395,core_complete,2026-01-15
E00466,C0099,P0005,contract_start,2025-10-01
E00466,C0099,P0005,kickoff,2025-10-18
E00467,C0092,P0246,contract_start,2025-05-01
E00467,C0092,P0246,kickoff,2025-05-27
E00468,C0017,P0125,contract_start,2025-04-01
E00468,C0017,P0125,kickoff,2025-04-04
E00468,C0017,P0125,first_login,2025-04-22
E00468,C0017,P0125,first_value,2025-05-01
E00468,C0017,P0125,core_complete,2025-06-12
E00469,C0062,P0023,contract_start,2025-04-01
E00470,C0047,P0468,contract_start,2025-01-01
E00470,C0047,P0468,kickoff,2025-01-15
E00470,C0047,P0468,first_login,2025-01-31
E00470,C0047,P0468,first_value,2025-02-02
E00470,C0047,P0468,core_complete,2025-02-17
E00471,C0015,P0336,contract_start,2025-06-01
E00471,C0015,P0336,kickoff,2025-06-06
E00471,C0015,P0336,first_login,2025-07-02
E00471,C0015,P0336,first_value,2025-07-18
E00471,C0015,P0336,core_complete,2025-08-15
E00472,C0075,P0367,contract_start,2025-10-01
E00472,C0075,P0367,kickoff,2025-10-12
E00472,C0075,P0367,first_login,2025-10-22
E00472,C0075,P0367,first_value,2025-10-22
E00472,C0075,P0367,core_complete,2025-12-21
E00473,C0047,P0490,contract_start,2025-01-01
E00473,C0047,P0490,kickoff,2025-01-08
E00473,C0047,P0490,first_login,2025-01-19
E00473,C0047,P0490,first_value,2025-03-04
E00473,C0047,P0490,core_complete,2025-05-14
E00474,C0052,P0473,contract_start,2025-09-01
E00474,C0052,P0473,kickoff,2025-09-13
E00474,C0052,P0473,first_login,2025-09-14
E00474,C0052,P0473,first_value,2025-09-28
E00474,C0052,P0473,core_complete,2025-10-15
E00475,C0009,P0272,contract_start,2025-09-01
E00475,C0009,P0272,kickoff,2025-09-10
E00475,C0009,P0272,first_login,2025-09-12
E00475,C0009,P0272,first_value,2025-09-12
E00475,C0009,P0272,core_complete,2025-12-05
E00476,C0032,P0342,contract_start,2025-10-01
E00476,C0032,P0342,kickoff,2025-10-13
E00476,C0032,P0342,first_login,2025-10-15
E00476,C0032,P0342,first_value,2025-12-03
E00476,C0032,P0342,core_complete,2026-02-18
E00477,C0055,P0139,contract_start,2025-04-01
E00477,C0055,P0139,kickoff,2025-04-12
E00477,C0055,P0139,first_login,2025-04-16
E00477,C0055,P0139,first_value,2025-04-25
E00477,C0055,P0139,core_complete,2025-07-17
E00478,C0074,P0442,contract_start,2025-04-01
E00478,C0074,P0442,kickoff,2025-04-15
E00478,C0074,P0442,first_login,2025-04-12
E00478,C0074,P0442,first_value,2025-06-03
E00478,C0074,P0442,core_complete,2025-08-06
E00479,C0054,P0229,contract_start,2025-02-01
E00479,C0054,P0229,kickoff,2025-02-06
E00479,C0054,P0229,first_login,2025-03-05
E00479,C0054,P0229,first_value,2025-04-16
E00479,C0054,P0229,core_complete,2025-07-07
E00480,C0012,P0143,contract_start,2025-01-01
E80001,C0006,P0276,contract_start,2025-09-07
E80001,C0006,P0276,kickoff,2025-09-18
E80001,C0006,P0276,first_login,2025-09-24
E80001,C0006,P0276,first_value,2025-11-17
E80001,C0006,P0276,core_complete,2026-02-14
E80002,C0076,P0445,contract_start,2025-09-10
E80002,C0076,P0445,kickoff,2025-09-24
E80002,C0076,P0445,first_login,2025-10-13
E80002,C0076,P0445,first_value,2025-10-29
E80002,C0076,P0445,core_complete,2025-11-22
E80003,C0038,P0331,contract_start,2025-08-18
E80003,C0038,P0331,kickoff,2025-08-26
E80003,C0038,P0331,first_login,2025-09-08
E80003,C0038,P0331,first_value,2025-10-23
E80003,C0038,P0331,core_complete,2026-01-04
E80004,C0024,P0065,contract_start,2025-07-24
E80004,C0024,P0065,kickoff,2025-08-05
E80004,C0024,P0065,first_login,2025-08-21
E80004,C0024,P0065,first_value,2025-09-28
E80004,C0024,P0065,core_complete,2025-12-03
E80005,C0010,P0166,contract_start,2026-01-22
E80005,C0010,P0166,kickoff,2026-01-28
E80005,C0010,P0166,first_login,2026-02-14
E80005,C0010,P0166,first_value,2026-02-25
E80005,C0010,P0166,core_complete,2026-04-11
E80006,C0025,P0050,contract_start,2025-11-20
E80006,C0025,P0050,kickoff,2025-11-23
E80006,C0025,P0050,first_login,2025-12-02
E80006,C0025,P0050,first_value,2025-12-23
E80006,C0025,P0050,core_complete,2026-02-21
E80007,C0078,P0309,contract_start,2025-07-31
E80007,C0078,P0309,kickoff,2025-08-07
E80007,C0078,P0309,first_login,2025-08-22
E80007,C0078,P0309,first_value,2025-09-13
E80007,C0078,P0309,core_complete,2025-11-14
E80008,C0044,P0104,contract_start,2025-10-27
E80008,C0044,P0104,kickoff,2025-11-07
E80008,C0044,P0104,first_login,2025-11-25
E80008,C0044,P0104,first_value,2025-11-17
E80008,C0044,P0104,core_complete,2025-12-02
E90001,C0002,P0366,contract_start,2025-08-01
E90001,C0002,P0366,kickoff,2025-08-12
E90001,C0002,P0366,first_login,2025-08-31
E90001,C0002,P0366,first_value,2025-09-14
E90001,C0002,P0366,core_complete,2025-10-06
E90002,C0076,P0445,contract_start,2025-08-01
E90002,C0076,P0445,kickoff,2025-08-06
E90002,C0076,P0445,first_login,2025-08-13
E90002,C0076,P0445,first_value,2025-09-25
E90002,C0076,P0445,core_complete,2025-12-08
E90003,C0027,P0151,contract_start,2026-01-01
E90003,C0027,P0151,kickoff,2026-01-06
E90003,C0027,P0151,first_login,2026-01-11
E90003,C0027,P0151,first_value,2026-01-22
E90003,C0027,P0151,core_complete,2026-02-18
E90004,C0084,P0267,contract_start,2025-11-01
E90004,C0084,P0267,kickoff,2025-11-08
E90004,C0084,P0267,first_login,2025-11-25
E90004,C0084,P0267,first_value,2026-01-05
E90004,C0084,P0267,core_complete,2026-01-19
E90005,C0056,P0025,contract_start,2026-02-01
E90005,C0056,P0025,kickoff,2026-02-19
E90005,C0056,P0025,first_login,2026-03-04
E90005,C0056,P0025,first_value,2026-04-03
E90005,C0056,P0025,core_complete,2026-06-27
E90006,C0040,P0397,contract_start,2026-02-01
E90006,C0040,P0397,kickoff,2026-04-02
E90007,C0054,P0389,contract_start,2025-12-01
E90007,C0054,P0389,kickoff,2025-12-20
E90007,C0054,P0389,first_login,2025-12-30
E90007,C0054,P0389,first_value,2025-12-29
E90007,C0054,P0389,core_complete,2026-03-11
E90008,C0035,P0051,contract_start,2026-02-01
E90008,C0035,P0051,kickoff,2026-02-19
E90008,C0035,P0051,first_login,2026-03-05
E90008,C0035,P0051,first_value,2026-03-10
E90008,C0035,P0051,core_complete,2026-06-07
E90009,C0062,P0023,contract_start,2025-10-01
E90009,C0062,P0023,kickoff,2025-11-24
E90010,C0087,P0347,contract_start,2026-03-01
E90010,C0087,P0347,kickoff,2026-03-12
E90010,C0087,P0347,first_login,2026-03-14
E90010,C0087,P0347,first_value,2026-05-08
E90010,C0087,P0347,core_complete,2026-06-11
E90011,C0068,P0484,contract_start,2026-02-01
E90011,C0068,P0484,kickoff,2026-02-08
E90011,C0068,P0484,first_login,2026-03-02
E90011,C0068,P0484,first_value,2026-03-21
E90011,C0068,P0484,core_complete,2026-06-16
E90012,C0004,P0054,contract_start,2025-12-01
