entitlement_id,cust_id,product_id,units_purchased,licensed_amount,start_date,end_date,contract_type,currency,fx_rate_to_usd,is_unlimited
E00001,C0074,P0464,1000,12000.0,2025-08-01,2026-07-31,New,USD,1.0,False
E00002,C0013,P0405,50,2400.0,2025-04-01,2026-03-31,Renewal,USD,1.0,False
E00003,C0047,P0249,10,120.0,2025-02-01,2026-01-31,New,GBP,1.27,False
E00004,C0037,P0444,500,6000.0,2025-01-01,2025-12-31,Renewal,USD,1.0,False
E00005,C0007,P0454,500,6000.0,2025-06-01,2026-05-31,New,USD,1.0,False
E00006,C0001,P0293,50,600.0,2025-11-01,2026-10-31,Renewal,USD,1.0,False
E00007,C0096,P0047,250,6000.0,2025-09-01,2026-08-31,Renewal,USD,1.0,False
E00008,C0097,P0378,500,60000.0,2025-05-01,2026-04-30,Renewal,EUR,1.09,False
E00009,C0016,P0112,100,2400.0,2025-11-01,2026-10-31,New,GBP,1.27,False
E00010,C0046,P0131,250,3000.0,2025-03-01,2026-02-28,Renewal,USD,1.0,False
E00011,C0029,P0217,25,3000.0,2025-05-01,2026-04-30,Renewal,USD,1.0,False
E00012,C0012,P0367,50,2400.0,2025-04-01,2026-03-31,Renewal,USD,1.0,False
E00013,C0084,P0340,10,120.0,2024-12-01,2025-11-30,Renewal,EUR,1.09,False
E00014,C0071,P0197,100,4800.0,2025-10-01,2026-09-30,Renewal,USD,1.0,False
E00015,C0064,P0351,500,6000.0,2025-11-01,2026-10-31,Renewal,EUR,1.09,False
E00016,C0060,P0466,2500,300000.0,2025-03-01,2026-02-28,Renewal,USD,1.0,False
E00017,C0033,P0422,250,6000.0,2025-04-01,2026-03-31,New,USD,1.0,False
E00018,C0039,P0451,2500,300000.0,2025-02-01,2026-01-31,Renewal,USD,1.0,False
E00019,C0093,P0482,25,3000.0,2025-04-01,2026-03-31,Renewal,EUR,1.09,False
E00020,C0031,P0449,500,6000.0,2025-06-01,2026-05-31,Renewal,USD,1.0,False
E00021,C0067,P0181,250,30000.0,2025-11-01,2026-10-31,Renewal,USD,1.0,False
E00022,C0004,P0015,500,6000.0,2025-08-01,2026-07-31,Renewal,USD,1.0,False
E00023,C0051,P0070,2500,30000.0,2025-02-01,2026-01-31,New,USD,1.0,False
E00024,C0057,P0043,250,3000.0,2025-10-01,2026-09-30,New,USD,1.0,False
E00025,C0058,P0352,50,6000.0,2025-08-01,2026-07-31,Renewal,EUR,1.09,False
E00026,C0081,P0377,2500,60000.0,2025-05-01,2026-04-30,New,USD,1.0,False
E00027,C0025,P0102,500,6000.0,2025-10-01,2026-09-30,New,USD,1.0,False
E00028,C0034,P0484,1000,24000.0,2025-02-01,2026-01-31,New,EUR,1.09,False
E00029,C0068,P0499,100,12000.0,2024-12-01,2025-11-30,New,EUR,1.09,False
E00030,C0053,P0317,50,6000.0,2025-11-01,2026-10-31,Renewal,USD,1.0,False
E00031,C0062,P0088,25,300.0,2025-02-01,2026-01-31,New,GBP,1.27,False
E00032,C0055,P0476,1000,120000.0,2025-08-01,2026-07-31,Renewal,USD,1.0,False
E00033,C0008,P0105,25,600.0,2025-07-01,2026-06-30,Renewal,USD,1.0,False
E00034,C0055,P0196,250,6000.0,2025-04-01,2026-03-31,New,USD,1.0,False
E00035,C0083,P0145,100,2400.0,2025-03-01,2026-02-28,New,GBP,1.27,False
E00036,C0002,P0500,50,2400.0,2025-06-01,2026-05-31,New,USD,1.0,False
E00037,C0035,P0351,100,12000.0,2025-07-01,2026-06-30,New,USD,1.0,False
E00038,C0039,P0499,50,6000.0,2025-07-01,2026-06-30,Renewal,EUR,1.09,False
E00039,C0081,P0377,1000,48000.0,2025-11-01,2026-10-31,New,USD,1.0,False
E00040,C0093,P0477,10,240.0,2025-08-01,2026-07-31,Renewal,USD,1.0,False
E00041,C0082,P0259,10,1200.0,2025-05-01,2026-04-30,New,USD,1.0,False
E00042,C0011,P0457,500,6000.0,2025-06-01,2026-05-31,Renewal,USD,1.0,False
E00043,C0043,P0477,50,2400.0,2025-04-01,2026-03-31,Renewal,USD,1.0,False
E00044,C0051,P0272,25,3000.0,2025-02-01,2026-01-31,New,USD,1.0,False
E00045,C0053,P0066,500,60000.0,2025-01-01,2025-12-31,Renewal,USD,1.0,False
E00046,C0077,P0145,500,24000.0,2025-04-01,2026-03-31,Renewal,GBP,1.27,False
E00047,C0038,P0085,500,24000.0,2025-04-01,2026-03-31,Renewal,USD,1.0,False
E00048,C0001,P0473,50,6000.0,2025-07-01,2026-06-30,New,USD,1.0,False
E00049,C0026,P0019,10,1200.0,2025-02-01,2026-01-31,New,USD,1.0,False
E00050,C0098,P0459,2500,300000.0,2025-11-01,2026-10-31,New,USD,1.0,False
E00051,C0047,P0058,2500,60000.0,2025-05-01,2026-04-30,New,USD,1.0,False
E00052,C0001,P0093,100,2400.0,2025-01-01,2025-12-31,Renewal,EUR,1.09,False
E00053,C0045,P0498,100,1200.0,2025-04-01,2026-03-31,Renewal,USD,1.0,False
E00054,C0052,P0040,50,1200.0,2025-09-01,2026-08-31,Renewal,USD,1.0,False
E00055,C0031,P0014,25,1200.0,2025-10-01,2026-09-30,Renewal,EUR,1.09,False
E00056,C0045,P0303,25,300.0,2025-10-01,2026-09-30,Renewal,USD,1.0,False
E00057,C0098,P0426,10,1200.0,2025-02-01,2026-01-31,Renewal,USD,1.0,False
E00058,C0084,P0023,10,1200.0,2025-04-01,2026-03-31,New,USD,1.0,False
E00059,C0039,P0025,50,2400.0,2025-11-01,2026-10-31,New,USD,1.0,False
E00060,C0078,P0309,25,3000.0,2024-12-01,2025-05-01,New,USD,1.0,False
E00061,C0041,P0395,50,6000.0,2025-04-01,2026-03-31,New,USD,1.0,False
E00062,C0064,P0207,50,2400.0,2025-03-01,2026-02-28,Renewal,USD,1.0,False
E00063,C0057,P0252,50,6000.0,2025-10-01,2026-09-30,Renewal,USD,1.0,False
E00064,C0025,P0050,50,2400.0,2025-04-01,2025-09-01,Renewal,USD,1.0,False
E00065,C0067,P0244,2500,120000.0,2025-07-01,2026-06-30,Renewal,EUR,1.09,False
E00066,C0092,P0416,25,1200.0,2025-06-01,2026-05-31,Renewal,USD,1.0,False
E00067,C0015,P0263,1000,48000.0,2025-06-01,2026-05-31,Renewal,USD,1.0,False
E00068,C0056,P0366,100,2400.0,2025-10-01,2026-09-30,Renewal,USD,1.0,False
E00069,C0071,P0224,25,300.0,2025-08-01,2026-07-31,Renewal,USD,1.0,False
E00070,C0073,P0066,250,12000.0,2025-07-01,2026-06-30,Renewal,USD,1.0,False
E00071,C0056,P0025,1000,12000.0,2025-08-01,2026-07-31,Renewal,USD,1.0,False
E00072,C0091,P0212,25,300.0,2025-08-01,2026-07-31,Renewal,USD,1.0,False
E00073,C0040,P0300,250,3000.0,2025-11-01,2026-10-31,Renewal,USD,1.0,False
E00074,C0032,P0237,25,,2024-12-01,2025-11-30,Renewal,USD,1.0,True
E00075,C0065,P0449,10,480.0,2025-06-01,2026-05-31,New,USD,1.0,False
E00076,C0004,P0231,2500,120000.0,2025-11-01,2026-10-31,New,USD,1.0,False
E00077,C0079,P0383,100,4800.0,2025-02-01,2026-01-31,Renewal,USD,1.0,False
E00078,C0023,P0003,1000,120000.0,2025-01-01,2025-12-31,New,USD,1.0,False
E00079,C0099,P0208,2500,300000.0,2025-02-01,2026-01-31,New,USD,1.0,False
E00080,C0069,P0494,500,60000.0,2025-09-01,2026-08-31,Renewal,USD,1.0,False
E00081,C0005,P0098,50,600.0,2025-01-01,2025-12-31,Renewal,USD,1.0,False
E00082,C0051,P0108,100,12000.0,2025-11-01,2026-10-31,Renewal,EUR,1.09,False
E00083,C0093,P0321,100,2400.0,2025-10-01,2026-09-30,New,USD,1.0,False
E00084,C0013,P0012,50,600.0,2025-07-01,2026-06-30,New,USD,1.0,False
E00085,C0010,P0242,2500,30000.0,2025-02-01,2026-01-31,Renewal,GBP,1.27,False
E00086,C0023,P0292,100,12000.0,2025-09-01,2026-08-31,New,USD,1.0,False
E00087,C0073,P0366,25,3000.0,2024-12-01,2025-11-30,Renewal,USD,1.0,False
E00088,C0028,P0205,250,30000.0,2025-07-01,2026-06-30,Renewal,USD,1.0,False
E00089,C0074,P0032,2500,30000.0,2025-11-01,2026-10-31,New,USD,1.0,False
E00090,C0083,P0332,25,3000.0,2025-05-01,2026-04-30,Renewal,USD,1.0,False
E00091,C0033,P0331,2500,120000.0,2025-01-01,2025-12-31,New,USD,1.0,False
E00092,C0043,P0372,10,240.0,2025-06-01,2026-05-31,Renewal,USD,1.0,False
E00093,C0013,P0301,100,4800.0,2025-07-01,2026-06-30,Renewal,USD,1.0,False
E00094,C0017,P0151,2500,300000.0,2025-11-01,2026-10-31,Renewal,USD,1.0,False
E00095,C0046,P0410,500,12000.0,2025-10-01,2026-09-30,Renewal,USD,1.0,False
E00096,C0049,P0067,25,600.0,2025-04-01,2026-03-31,New,USD,1.0,False
E00097,C0029,P0213,2500,300000.0,2025-09-01,2026-08-31,New,USD,1.0,False
E00098,C0085,P0184,10,480.0,2025-03-01,2026-02-28,New,GBP,1.27,False
E00099,C0086,P0458,50,600.0,2025-02-01,2026-01-31,Renewal,EUR,1.09,False
E00100,C0044,P0117,1000,12000.0,2025-05-01,2026-04-30,Renewal,USD,1.0,False
E00101,C0009,P0402,250,12000.0,2025-07-01,2026-06-30,Renewal,GBP,1.27,False
E00102,C0044,P0437,250,3000.0,2025-08-01,2026-07-31,Renewal,EUR,1.09,False
E00103,C0063,P0387,2500,30000.0,2025-07-01,2026-06-30,Renewal,GBP,1.27,False
E00104,C0036,P0022,25,300.0,2025-09-01,2026-08-31,New,EUR,1.09,False
E00105,C0100,P0081,100,4800.0,2025-01-01,2025-12-31,Renewal,EUR,1.09,False
E00106,C0035,P0051,2500,60000.0,2025-08-01,2026-07-31,Renewal,USD,1.0,False
E00107,C0005,P0104,50,6000.0,2025-05-01,2026-04-30,Renewal,USD,1.0,False
E00108,C0083,P0243,100,4800.0,2024-12-01,2025-11-30,New,EUR,1.09,False
E00109,C0014,P0367,25,3000.0,2025-02-01,2026-01-31,New,USD,1.0,False
E00110,C0010,P0386,100,12000.0,2025-10-01,2026-09-30,Renewal,USD,1.0,False
E00111,C0094,P0210,1000,120000.0,2025-02-01,2026-01-31,Renewal,USD,1.0,False
E00112,C0017,P0227,500,12000.0,2025-08-01,2026-07-31,Renewal,GBP,1.27,False
E00113,C0090,P0162,25,3000.0,2025-11-01,2026-10-31,Renewal,USD,1.0,False
E00114,C0070,P0389,1000,12000.0,2025-02-01,2026-01-31,Renewal,USD,1.0,False
E00115,C0073,P0030,50,2400.0,2025-10-01,2026-09-30,New,EUR,1.09,False
E00116,C0046,P0161,250,12000.0,2025-10-01,2026-09-30,New,USD,1.0,False
E00117,C0059,P0229,50,1200.0,2025-04-01,2026-03-31,Renewal,USD,1.0,False
E00118,C0053,P0455,2500,300000.0,2025-09-01,2026-08-31,Renewal,USD,1.0,False
E00119,C0016,P0172,25,3000.0,2025-04-01,2026-03-31,Renewal,USD,1.0,False
E00120,C0096,P0277,50,2400.0,2025-11-01,2026-10-31,New,USD,1.0,False
E00121,C0068,P0388,250,6000.0,2025-08-01,2026-07-31,New,USD,1.0,False
E00122,C0040,P0397,250,12000.0,2025-08-01,2026-07-31,Renewal,USD,1.0,False
E00123,C0077,P0431,25,1200.0,2025-08-01,2026-07-31,New,USD,1.0,False
E00124,C0031,P0388,500,6000.0,2025-08-01,2026-07-31,New,USD,1.0,False
E00125,C0056,P0121,10,240.0,2025-09-01,2026-08-31,New,USD,1.0,False
E00126,C0029,P0267,50,1200.0,2025-04-01,2026-03-31,New,USD,1.0,False
E00127,C0029,P0185,100,12000.0,2025-08-01,2026-07-31,New,EUR,1.09,False
E00128,C0075,P0042,1000,12000.0,2025-11-01,2026-10-31,New,EUR,1.09,False
E00129,C0079,P0040,2500,120000.0,2025-02-01,2026-01-31,Renewal,USD,1.0,False
E00130,C0006,P0300,1000,120000.0,2025-06-01,2026-05-31,Renewal,EUR,1.09,False
E00131,C0100,P0214,2500,60000.0,2025-07-01,2026-06-30,New,USD,1.0,False
E00132,C0093,P0067,2500,30000.0,2025-02-01,2026-01-31,Renewal,USD,1.0,False
E00133,C0010,P0081,2500,120000.0,2025-07-01,2026-06-30,Renewal,USD,1.0,False
E00134,C0027,P0190,1000,48000.0,2025-01-01,2025-12-31,New,USD,1.0,False
E00135,C0019,P0192,25,1200.0,2025-02-01,2026-01-31,New,USD,1.0,False
E00136,C0095,P0302,50,6000.0,2024-12-01,2025-11-30,New,USD,1.0,False
E00137,C0035,P0420,250,30000.0,2025-04-01,2026-03-31,New,USD,1.0,False
E00138,C0003,P0023,500,60000.0,2025-08-01,2026-07-31,Renewal,USD,1.0,False
E00139,C0017,P0401,2500,300000.0,2025-04-01,2026-03-31,Renewal,EUR,1.09,False
E00140,C0095,P0259,50,6000.0,2025-11-01,2026-10-31,Renewal,USD,1.0,False
E00141,C0029,P0373,2500,120000.0,2025-10-01,2026-09-30,New,USD,1.0,False
E00142,C0019,P0461,1000,120000.0,2025-09-01,2026-08-31,New,USD,1.0,False
E00143,C0038,P0331,2500,30000.0,2024-12-01,2025-05-01,Renewal,USD,1.0,False
E00144,C0097,P0408,10,480.0,2025-11-01,2026-10-31,Renewal,USD,1.0,False
E00145,C0086,P0317,25,300.0,2025-01-01,2025-12-31,Renewal,USD,1.0,False
E00146,C0069,P0258,100,1200.0,2025-08-01,2026-07-31,New,USD,1.0,False
E00147,C0077,P0141,50,1200.0,2025-08-01,2026-07-31,New,GBP,1.27,False
E00148,C0080,P0274,2500,120000.0,2025-11-01,2026-10-31,New,USD,1.0,False
E00149,C0071,P0012,2500,120000.0,2024-12-01,2025-11-30,New,EUR,1.09,False
E00150,C0080,P0163,10,1200.0,2025-06-01,2026-05-31,New,EUR,1.09,False
E00151,C0050,P0147,25,600.0,2025-01-01,2025-12-31,New,USD,1.0,False
E00152,C0030,P0209,50,1200.0,2025-01-01,2025-12-31,New,USD,1.0,False
E00153,C0032,P0030,50,2400.0,2025-05-01,2026-04-30,New,USD,1.0,False
E00154,C0011,P0166,50,2400.0,2025-05-01,2026-04-30,New,USD,1.0,False
E00155,C0004,P0386,10,240.0,2025-01-01,2025-12-31,Renewal,USD,1.0,False
E00156,C0055,P0138,1000,12000.0,2025-08-01,2026-07-31,New,GBP,1.27,False
E00157,C0015,P0015,1000,120000.0,2025-08-01,2026-07-31,Renewal,USD,1.0,False
E00158,C0006,P0301,250,3000.0,2024-12-01,2025-11-30,New,USD,1.0,False
E00159,C0095,P0209,50,6000.0,2025-08-01,2026-07-31,New,USD,1.0,False
E00160,C0080,P0073,100,4800.0,2025-10-01,2026-09-30,Renewal,USD,1.0,False
E00161,C0031,P0217,100,12000.0,2025-02-01,2026-01-31,New,USD,1.0,False
E00162,C0099,P0086,250,3000.0,2025-07-01,2026-06-30,New,USD,1.0,False
E00163,C0067,P0430,250,30000.0,2025-07-01,2026-06-30,Renewal,USD,1.0,False
E00164,C0051,P0262,100,4800.0,2025-10-01,2026-09-30,New,USD,1.0,False
E00165,C0075,P0203,25,300.0,2025-11-01,2026-10-31,Renewal,USD,1.0,False
E00166,C0064,P0108,250,12000.0,2025-11-01,2026-10-31,Renewal,EUR,1.09,False
E00167,C0061,P0363,250,30000.0,2025-05-01,2026-04-30,New,GBP,1.27,False
E00168,C0068,P0236,500,24000.0,2025-10-01,2026-09-30,New,USD,1.0,False
E00169,C0072,P0002,50,6000.0,2025-11-01,2026-10-31,New,USD,1.0,False
E00170,C0087,P0459,50,6000.0,2024-12-01,2025-11-30,Renewal,USD,1.0,False
E00171,C0048,P0333,25,300.0,2025-08-01,2026-07-31,Renewal,USD,1.0,False
E00172,C0041,P0181,2500,300000.0,2025-10-01,2026-09-30,Renewal,USD,1.0,False
E00173,C0041,P0394,1000,12000.0,2025-05-01,2026-04-30,New,USD,1.0,False
E00174,C0049,P0114,100,1200.0,2025-05-01,2026-04-30,Renewal,USD,1.0,False
E00175,C0070,P0418,500,24000.0,2025-10-01,2026-09-30,Renewal,USD,1.0,False
E00176,C0099,P0496,100,4800.0,2025-03-01,2026-02-28,New,GBP,1.27,False
E00177,C0048,P0421,100,12000.0,2025-07-01,2026-06-30,New,USD,1.0,False
E00178,C0013,P0100,2500,60000.0,2025-04-01,2026-03-31,New,USD,1.0,False
E00179,C0010,P0478,25,600.0,2025-02-01,2026-01-31,Renewal,USD,1.0,False
E00180,C0058,P0348,250,3000.0,2025-11-01,2026-10-31,Renewal,USD,1.0,False
E00181,C0067,P0453,250,30000.0,2025-11-01,2026-10-31,New,USD,1.0,False
E00182,C0010,P0166,10,1200.0,2025-06-01,2025-11-01,Renewal,EUR,1.09,False
E00183,C0042,P0266,250,30000.0,2025-06-01,2026-05-31,Renewal,USD,1.0,False
E00184,C0034,P0115,10,120.0,2025-08-01,2026-07-31,New,EUR,1.09,False
E00185,C0062,P0201,2500,60000.0,2025-06-01,2026-05-31,New,USD,1.0,False
E00186,C0007,P0116,10,1200.0,2025-09-01,2026-08-31,Renewal,GBP,1.27,False
E00187,C0087,P0160,100,1200.0,2025-03-01,2026-02-28,Renewal,USD,1.0,False
E00188,C0089,P0414,10,120.0,2025-01-01,2025-12-31,Renewal,USD,1.0,False
E00189,C0072,P0127,500,6000.0,2025-10-01,2026-09-30,Renewal,EUR,1.09,False
E00190,C0084,P0267,10,240.0,2025-05-01,2026-04-30,Renewal,EUR,1.09,False
E00191,C0098,P0321,2500,300000.0,2025-09-01,2026-08-31,Renewal,USD,1.0,False
E00192,C0099,P0194,10,480.0,2025-01-01,2025-12-31,Renewal,EUR,1.09,False
E00193,C0057,P0032,25,3000.0,2025-11-01,2026-10-31,New,USD,1.0,False
E00194,C0087,P0347,1000,12000.0,2025-09-01,2026-08-31,Renewal,USD,1.0,False
E00195,C0044,P0317,1000,120000.0,2025-04-01,2026-03-31,New,USD,1.0,False
E00196,C0094,P0238,10,1200.0,2025-09-01,2026-08-31,Renewal,USD,1.0,False
E00197,C0027,P0481,25,300.0,2025-09-01,2026-08-31,Renewal,USD,1.0,False
E00198,C0040,P0007,100,1200.0,2025-05-01,2026-04-30,Renewal,USD,1.0,False
E00199,C0089,P0132,50,2400.0,2025-03-01,2026-02-28,New,USD,1.0,False
E00200,C0099,P0071,2500,30000.0,2025-11-01,2026-10-31,New,USD,1.0,False
E00201,C0027,P0334,1000,48000.0,2025-04-01,2026-03-31,New,USD,1.0,False
E00202,C0100,P0159,50,2400.0,2025-08-01,2026-07-31,New,USD,1.0,False
E00203,C0038,P0260,50,600.0,2024-12-01,2025-11-30,New,USD,1.0,False
E00204,C0044,P0104,100,1200.0,2025-03-01,2025-08-01,New,USD,1.0,False
E00205,C0037,P0240,2500,120000.0,2025-10-01,2026-09-30,Renewal,USD,1.0,False
E00206,C0013,P0215,500,24000.0,2025-09-01,2026-08-31,New,USD,1.0,False
E00207,C0066,P0472,10,120.0,2025-07-01,2026-06-30,Renewal,USD,1.0,False
E00208,C0002,P0110,100,2400.0,2025-11-01,2026-10-31,Renewal,USD,1.0,False
E00209,C0057,P0095,1000,12000.0,2025-05-01,2026-04-30,New,USD,1.0,False
E00210,C0058,P0059,500,12000.0,2025-01-01,2025-12-31,New,USD,1.0,False
E00211,C0088,P0016,500,12000.0,2025-03-01,2026-02-28,New,USD,1.0,False
E00212,C0028,P0369,100,2400.0,2025-02-01,2026-01-31,New,EUR,1.09,False
E00213,C0053,P0012,100,2400.0,2025-08-01,2026-07-31,Renewal,USD,1.0,False
E00214,C0009,P0071,10,1200.0,2025-01-01,2025-12-31,Renewal,EUR,1.09,False
E00215,C0027,P0157,500,60000.0,2025-01-01,2025-12-31,New,GBP,1.27,False
E00216,C0027,P0410,50,6000.0,2025-05-01,2026-04-30,Renewal,GBP,1.27,False
E00217,C0084,P0474,25,600.0,2025-01-01,2025-12-31,Renewal,USD,1.0,False
E00218,C0009,P0163,1000,120000.0,2025-03-01,2026-02-28,Renewal,USD,1.0,False
E00219,C0031,P0301,10,240.0,2025-03-01,2026-02-28,Renewal,USD,1.0,False
E00220,C0018,P0028,50,2400.0,2025-04-01,2026-03-31,Renewal,USD,1.0,False
E00221,C0047,P0042,2500,300000.0,2025-08-01,2026-07-31,Renewal,USD,1.0,False
E00222,C0094,P0199,25,1200.0,2025-09-01,2026-08-31,Renewal,USD,1.0,False
E00223,C0043,P0192,50,6000.0,2025-07-01,2026-06-30,Renewal,USD,1.0,False
E00224,C0066,P0206,2500,30000.0,2025-07-01,2026-06-30,New,USD,1.0,False
E00225,C0045,P0203,2500,60000.0,2025-03-01,2026-02-28,New,EUR,1.09,False
E00226,C0065,P0192,50,2400.0,2025-06-01,2026-05-31,Renewal,GBP,1.27,False
E00227,C0057,P0266,25,1200.0,2025-02-01,2026-01-31,New,USD,1.0,False
E00228,C0007,P0173,2500,300000.0,2024-12-01,2025-11-30,Renewal,USD,1.0,False
E00229,C0015,P0255,1000,48000.0,2025-06-01,2026-05-31,New,USD,1.0,False
E00230,C0009,P0136,50,600.0,2024-12-01,2025-11-30,New,USD,1.0,False
E00231,C0078,P0263,250,3000.0,2025-01-01,2025-12-31,Renewal,EUR,1.09,False
E00232,C0019,P0185,25,300.0,2025-03-01,2026-02-28,Renewal,USD,1.0,False
E00233,C0026,P0129,100,4800.0,2025-05-01,2026-04-30,Renewal,USD,1.0,False
E00234,C0034,P0310,250,6000.0,2025-10-01,2026-09-30,Renewal,USD,1.0,False
E00235,C0056,P0154,250,12000.0,2025-11-01,2026-10-31,Renewal,USD,1.0,False
E00236,C0053,P0388,1000,12000.0,2025-06-01,2026-05-31,Renewal,EUR,1.09,False
E00237,C0058,P0117,50,1200.0,2025-08-01,2026-07-31,Renewal,EUR,1.09,False
E00238,C0033,P0301,2500,300000.0,2025-03-01,2026-02-28,Renewal,USD,1.0,False
E00239,C0016,P0161,500,12000.0,2025-07-01,2026-06-30,New,USD,1.0,False
E00240,C0097,P0231,1000,12000.0,2025-11-01,2026-10-31,New,USD,1.0,False
E00241,C0017,P0378,50,600.0,2025-09-01,2026-08-31,Renewal,USD,1.0,False
E00242,C0044,P0215,500,60000.0,2025-10-01,2026-09-30,Renewal,USD,1.0,False
E00243,C0006,P0012,250,3000.0,2025-06-01,2026-05-31,Renewal,USD,1.0,False
E00244,C0071,P0410,500,60000.0,2025-02-01,2026-01-31,Renewal,USD,1.0,False
E00245,C0005,P0198,1000,24000.0,2025-03-01,2026-02-28,Renewal,USD,1.0,False
E00246,C0098,P0156,2500,30000.0,2025-05-01,2026-04-30,New,USD,1.0,False
E00247,C0009,P0353,50,6000.0,2025-10-01,2026-09-30,New,USD,1.0,False
E00248,C0044,P0198,25,1200.0,2025-03-01,2026-02-28,New,EUR,1.09,False
E00249,C0073,P0189,25,300.0,2025-04-01,2026-03-31,New,USD,1.0,False
E00250,C0081,P0057,1000,24000.0,2025-06-01,2026-05-31,Renewal,USD,1.0,False
E00251,C0093,P0463,25,600.0,2025-07-01,2026-06-30,New,USD,1.0,False
E00252,C0074,P0364,250,30000.0,2025-03-01,2026-02-28,New,USD,1.0,False
E00253,C0043,P0258,250,30000.0,2025-09-01,2026-08-31,New,USD,1.0,False
E00254,C0042,P0423,50,6000.0,2024-12-01,2025-11-30,Renewal,USD,1.0,False
E00255,C0043,P0451,500,60000.0,2025-03-01,2026-02-28,Renewal,EUR,1.09,False
E00256,C0015,P0148,10,1200.0,2025-09-01,2026-08-31,New,USD,1.0,False
E00257,C0031,P0422,250,6000.0,2025-11-01,2026-10-31,New,USD,1.0,False
E00258,C0078,P0467,1000,24000.0,2025-02-01,2026-01-31,Renewal,USD,1.0,False
E00259,C0026,P0023,1000,24000.0,2025-01-01,2025-12-31,Renewal,USD,1.0,False
E00260,C0006,P0276,250,12000.0,2025-02-01,2025-07-01,Renewal,EUR,1.09,False
E00261,C0048,P0211,100,1200.0,2025-01-01,2025-12-31,Renewal,EUR,1.09,False
E00262,C0070,P0400,25,1200.0,2025-01-01,2025-12-31,New,USD,1.0,False
E00263,C0098,P0023,250,30000.0,2025-02-01,2026-01-31,New,USD,1.0,False
E00264,C0061,P0382,2500,300000.0,2025-10-01,2026-09-30,Renewal,USD,1.0,False
E00265,C0069,P0059,10,240.0,2025-06-01,2026-05-31,New,USD,1.0,False
E00266,C0047,P0035,2500,30000.0,2025-11-01,2026-10-31,Renewal,USD,1.0,False
E00267,C0056,P0421,2500,120000.0,2025-03-01,2026-02-28,Renewal,USD,1.0,False
E00268,C0086,P0091,10,480.0,2025-02-01,2026-01-31,New,USD,1.0,False
E00269,C0066,P0344,1000,12000.0,2025-11-01,2026-10-31,Renewal,USD,1.0,False
E00270,C0040,P0111,2500,30000.0,2025-02-01,2026-01-31,Renewal,USD,1.0,False
E00271,C0021,P0025,100,1200.0,2025-08-01,2026-07-31,New,USD,1.0,False
E00272,C0069,P0003,2500,30000.0,2025-04-01,2026-03-31,Renewal,USD,1.0,False
E00273,C0055,P0123,100,2400.0,2025-03-01,2026-02-28,New,USD,1.0,False
E00274,C0058,P0173,10,240.0,2025-06-01,2026-05-31,Renewal,GBP,1.27,False
E00275,C0034,P0050,100,2400.0,2025-01-01,2025-12-31,Renewal,GBP,1.27,False
E00276,C0063,P0418,1000,48000.0,2024-12-01,2025-11-30,New,USD,1.0,False
E00277,C0021,P0479,100,12000.0,2025-10-01,2026-09-30,Renewal,USD,1.0,False
E00278,C0029,P0183,100,,2025-01-01,2025-12-31,New,USD,1.0,True
E00279,C0058,P0109,500,60000.0,2025-06-01,2026-05-31,New,USD,1.0,False
E00280,C0069,P0189,250,3000.0,2025-10-01,2026-09-30,New,USD,1.0,False
E00281,C0049,P0307,1000,120000.0,2025-03-01,2026-02-28,Renewal,USD,1.0,False
E00282,C0007,P0049,50,2400.0,2025-01-01,2025-12-31,Renewal,USD,1.0,False
E00283,C0021,P0498,1000,24000.0,2025-11-01,2026-10-31,New,USD,1.0,False
E00284,C0015,P0342,500,60000.0,2025-10-01,2026-09-30,New,GBP,1.27,False
E00285,C0096,P0328,2500,60000.0,2024-12-01,2025-11-30,Renewal,USD,1.0,False
E00286,C0075,P0316,10,120.0,2025-11-01,2026-10-31,New,USD,1.0,False
E00287,C0068,P0318,1000,12000.0,2025-11-01,2026-10-31,New,USD,1.0,False
E00288,C0018,P0078,2500,300000.0,2025-05-01,2026-04-30,New,USD,1.0,False
E00289,C0084,P0307,100,12000.0,2024-12-01,2025-11-30,Renewal,GBP,1.27,False
E00290,C0016,P0330,50,600.0,2025-05-01,2026-04-30,Renewal,USD,1.0,False
E00291,C0031,P0118,250,12000.0,2025-06-01,2026-05-31,New,USD,1.0,False
E00292,C0063,P0341,10,240.0,2025-03-01,2026-02-28,Renewal,EUR,1.09,False
E00293,C0004,P0196,100,4800.0,2025-11-01,2026-10-31,New,USD,1.0,False
E00294,C0012,P0252,10,120.0,2025-10-01,2026-09-30,Renewal,USD,1.0,False
E00295,C0024,P0065,50,600.0,2024-12-01,2025-05-01,New,GBP,1.27,False
E00296,C0074,P0041,100,12000.0,2025-08-01,2026-07-31,Renewal,USD,1.0,False
E00297,C0050,P0126,50,6000.0,2025-04-01,2026-03-31,New,USD,1.0,False
E00298,C0027,P0230,250,6000.0,2025-03-01,2026-02-28,New,USD,1.0,False
E00299,C0095,P0185,25,3000.0,2025-07-01,2026-06-30,New,GBP,1.27,False
E00300,C0039,P0313,2500,300000.0,2025-07-01,2026-06-30,Renewal,USD,1.0,False
E00301,C0076,P0219,10,120.0,2025-07-01,2026-06-30,Renewal,USD,1.0,False
E00302,C0031,P0090,50,2400.0,2025-04-01,2026-03-31,New,USD,1.0,False
E00303,C0078,P0288,2500,300000.0,2025-04-01,2026-03-31,New,USD,1.0,False
E00304,C0049,P0470,2500,60000.0,2025-02-01,2026-01-31,New,USD,1.0,False
E00305,C0066,P0474,500,60000.0,2025-08-01,2026-07-31,Renewal,USD,1.0,False
E00306,C0055,P0158,500,6000.0,2025-11-01,2026-10-31,New,USD,1.0,False
E00307,C0085,P0290,25,600.0,2024-12-01,2025-11-30,New,USD,1.0,False
E00308,C0056,P0385,250,12000.0,2025-06-01,2026-05-31,Renewal,USD,1.0,False
E00309,C0015,P0334,500,60000.0,2025-07-01,2026-06-30,Renewal,USD,1.0,False
E00310,C0007,P0018,100,4800.0,2025-11-01,2026-10-31,Renewal,USD,1.0,False
E00311,C0096,P0331,10,240.0,2025-10-01,2026-09-30,New,USD,1.0,False
E00312,C0050,P0309,50,1200.0,2025-07-01,2026-06-30,New,USD,1.0,False
E00313,C0062,P0301,1000,12000.0,2025-01-01,2025-12-31,Renewal,USD,1.0,False
E00314,C0085,P0219,1000,48000.0,2025-03-01,2026-02-28,Renewal,USD,1.0,False
E00315,C0024,P0376,1000,120000.0,2025-08-01,2026-07-31,Renewal,USD,1.0,False
E00316,C0089,P0294,25,1200.0,2025-11-01,2026-10-31,Renewal,USD,1.0,False
E00317,C0019,P0204,100,4800.0,2025-04-01,2026-03-31,New,GBP,1.27,False
E00318,C0080,P0036,2500,300000.0,2025-02-01,2026-01-31,Renewal,USD,1.0,False
E00319,C0044,P0088,250,6000.0,2025-10-01,2026-09-30,New,USD,1.0,False
E00320,C0054,P0094,50,600.0,2025-11-01,2026-10-31,Renewal,USD,1.0,False
E00321,C0035,P0384,50,1200.0,2025-03-01,2026-02-28,Renewal,USD,1.0,False
E00322,C0070,P0447,250,30000.0,2025-03-01,2026-02-28,New,GBP,1.27,False
E00323,C0080,P0086,25,300.0,2025-09-01,2026-08-31,New,EUR,1.09,False
E00324,C0088,P0176,25,300.0,2025-06-01,2026-05-31,Renewal,USD,1.0,False
E00325,C0033,P0052,2500,30000.0,2025-07-01,2026-06-30,New,USD,1.0,False
E00326,C0098,P0268,10,120.0,2024-12-01,2025-11-30,New,USD,1.0,False
E00327,C0065,P0243,250,12000.0,2025-08-01,2026-07-31,Renewal,GBP,1.27,False
E00328,C0061,P0176,500,24000.0,2025-05-01,2026-04-30,Renewal,USD,1.0,False
E00329,C0031,P0030,1000,48000.0,2025-05-01,2026-04-30,Renewal,USD,1.0,False
E00330,C0019,P0358,10,1200.0,2025-01-01,2025-12-31,Renewal,USD,1.0,False
E00331,C0076,P0445,10,480.0,2025-02-01,2025-07-01,Renewal,USD,1.0,False
E00332,C0026,P0352,500,60000.0,2025-03-01,2026-02-28,Renewal,USD,1.0,False
E00333,C0063,P0327,100,4800.0,2025-10-01,2026-09-30,New,USD,1.0,False
E00334,C0063,P0377,10,480.0,2025-05-01,2026-04-30,Renewal,GBP,1.27,False
E00335,C0082,P0314,2500,30000.0,2025-03-01,2026-02-28,New,USD,1.0,False
E00336,C0027,P0151,25,600.0,2025-07-01,2026-06-30,Renewal,USD,1.0,False
E00337,C0037,P0408,10,120.0,2025-08-01,2026-07-31,New,USD,1.0,False
E00338,C0001,P0229,2500,30000.0,2025-10-01,2026-09-30,Renewal,USD,1.0,False
E00339,C0001,P0088,100,1200.0,2025-08-01,2026-07-31,New,USD,1.0,False
E00340,C0092,P0476,10,480.0,2025-11-01,2026-10-31,Renewal,USD,1.0,False
E00341,C0030,P0341,100,12000.0,2025-04-01,2026-03-31,Renewal,USD,1.0,False
E00342,C0051,P0473,25,3000.0,2025-10-01,2026-09-30,New,USD,1.0,False
E00343,C0033,P0478,500,6000.0,2025-11-01,2026-10-31,Renewal,EUR,1.09,False
E00344,C0074,P0402,1000,120000.0,2025-06-01,2026-05-31,Renewal,USD,1.0,False
E00345,C0091,P0045,250,3000.0,2025-03-01,2026-02-28,New,USD,1.0,False
E00346,C0003,P0060,100,4800.0,2025-11-01,2026-10-31,New,USD,1.0,False
E00347,C0033,P0001,1000,48000.0,2025-05-01,2026-04-30,New,USD,1.0,False
E00348,C0017,P0217,100,4800.0,2025-08-01,2026-07-31,Renewal,EUR,1.09,False
E00349,C0012,P0309,50,1200.0,2025-10-01,2026-09-30,New,USD,1.0,False
E00350,C0098,P0418,2500,120000.0,2024-12-01,2025-11-30,Renewal,USD,1.0,False
E00351,C0087,P0146,2500,60000.0,2025-07-01,2026-06-30,Renewal,USD,1.0,False
E00352,C0042,P0159,10,120.0,2025-11-01,2026-10-31,New,USD,1.0,False
E00353,C0098,P0111,2500,300000.0,2025-11-01,2026-10-31,New,USD,1.0,False
E00354,C0086,P0171,10,240.0,2025-06-01,2026-05-31,Renewal,GBP,1.27,False
E00355,C0028,P0027,100,2400.0,2025-03-01,2026-02-28,Renewal,USD,1.0,False
E00356,C0087,P0418,1000,24000.0,2025-11-01,2026-10-31,Renewal,USD,1.0,False
E00357,C0071,P0348,1000,120000.0,2025-08-01,2026-07-31,Renewal,USD,1.0,False
E00358,C0013,P0373,1000,48000.0,2025-06-01,2026-05-31,New,USD,1.0,False
E00359,C0048,P0166,1000,12000.0,2025-03-01,2026-02-28,Renewal,USD,1.0,False
E00360,C0025,P0084,250,6000.0,2025-11-01,2026-10-31,New,USD,1.0,False
E00361,C0016,P0108,250,6000.0,2025-07-01,2026-06-30,Renewal,EUR,1.09,False
E00362,C0052,P0439,10,120.0,2025-03-01,2026-02-28,Renewal,USD,1.0,False
E00363,C0060,P0219,1000,24000.0,2025-02-01,2026-01-31,Renewal,GBP,1.27,False
E00364,C0050,P0092,500,6000.0,2025-01-01,2025-12-31,New,GBP,1.27,False
E00365,C0032,P0497,500,12000.0,2025-08-01,2026-07-31,Renewal,USD,1.0,False
E00366,C0035,P0124,100,12000.0,2025-06-01,2026-05-31,Renewal,USD,1.0,False
E00367,C0033,P0193,50,600.0,2025-11-01,2026-10-31,Renewal,USD,1.0,False
E00368,C0036,P0335,1000,120000.0,2025-10-01,2026-09-30,New,USD,1.0,False
E00369,C0013,P0251,25,600.0,2025-01-01,2025-12-31,New,USD,1.0,False
E00370,C0022,P0382,2500,30000.0,2025-09-01,2026-08-31,Renewal,USD,1.0,False
E00371,C0026,P0331,1000,120000.0,2025-02-01,2026-01-31,New,USD,1.0,False
E00372,C0002,P0366,25,600.0,2025-02-01,2026-01-31,New,USD,1.0,False
E00373,C0092,P0419,10,1200.0,2025-11-01,2026-10-31,New,USD,1.0,False
E00374,C0093,P0107,25,300.0,2025-09-01,2026-08-31,New,USD,1.0,False
E00375,C0012,P0229,50,2400.0,2025-09-01,2026-08-31,New,USD,1.0,False
E00376,C0008,P0045,100,4800.0,2025-02-01,2026-01-31,Renewal,USD,1.0,False
E00377,C0044,P0260,25,1200.0,2024-12-01,2025-11-30,New,GBP,1.27,False
E00378,C0068,P0484,50,600.0,2025-08-01,2026-07-31,New,USD,1.0,False
E00379,C0081,P0228,250,6000.0,2024-12-01,2025-11-30,Renewal,USD,1.0,False
E00380,C0011,P0181,500,12000.0,2025-11-01,2026-10-31,Renewal,USD,1.0,False
E00381,C0058,P0097,10,240.0,2025-10-01,2026-09-30,New,USD,1.0,False
E00382,C0088,P0111,50,2400.0,2025-03-01,2026-02-28,New,USD,1.0,False
E00383,C0035,P0131,1000,48000.0,2025-11-01,2026-10-31,New,USD,1.0,False
E00384,C0006,P0484,1000,48000.0,2025-02-01,2026-01-31,Renewal,USD,1.0,False
E00385,C0019,P0037,50,2400.0,2025-11-01,2026-10-31,Renewal,USD,1.0,False
E00386,C0034,P0289,100,2400.0,2025-11-01,2026-10-31,New,USD,1.0,False
E00387,C0008,P0223,500,60000.0,2025-02-01,2026-01-31,New,GBP,1.27,False
E00388,C0074,P0064,100,1200.0,2025-09-01,2026-08-31,Renewal,USD,1.0,False
E00389,C0082,P0046,25,1200.0,2025-06-01,2026-05-31,Renewal,USD,1.0,False
E00390,C0083,P0116,50,2400.0,2025-04-01,2026-03-31,New,EUR,1.09,False
E00391,C0004,P0054,100,1200.0,2025-06-01,2026-05-31,New,USD,1.0,False
E00392,C0005,P0414,250,30000.0,2025-11-01,2026-10-31,New,USD,1.0,False
E00393,C0020,P0312,250,3000.0,2025-05-01,2026-04-30,Renewal,USD,1.0,False
E00394,C0007,P0200,500,12000.0,2025-02-01,2026-01-31,New,GBP,1.27,False
E00395,C0039,P0066,1000,,2025-11-01,2026-10-31,New,USD,1.0,True
E00396,C0073,P0074,50,6000.0,2025-08-01,2026-07-31,Renewal,USD,1.0,False
E00397,C0014,P0328,10,480.0,2025-04-01,2026-03-31,Renewal,EUR,1.09,False
E00398,C0023,P0094,1000,120000.0,2025-03-01,2026-02-28,Renewal,USD,1.0,False
E00399,C0036,P0220,250,6000.0,2025-07-01,2026-06-30,New,USD,1.0,False
E00400,C0022,P0161,250,,2025-01-01,2025-12-31,Renewal,USD,1.0,True
E00401,C0053,P0085,100,1200.0,2025-01-01,2025-12-31,New,GBP,1.27,False
E00402,C0039,P0006,2500,300000.0,2025-04-01,2026-03-31,Renewal,EUR,1.09,False
E00403,C0092,P0264,50,600.0,2025-11-01,2026-10-31,New,USD,1.0,False
E00404,C0025,P0382,100,1200.0,2025-09-01,2026-08-31,Renewal,EUR,1.09,False
E00405,C0099,P0379,500,6000.0,2025-11-01,2026-10-31,Renewal,USD,1.0,False
E00406,C0022,P0188,100,2400.0,2025-02-01,2026-01-31,Renewal,USD,1.0,False
E00407,C0027,P0088,1000,48000.0,2024-12-01,2025-11-30,Renewal,USD,1.0,False
E00408,C0021,P0436,100,1200.0,2025-05-01,2026-04-30,New,EUR,1.09,False
E00409,C0009,P0002,250,30000.0,2025-07-01,2026-06-30,New,USD,1.0,False
E00410,C0005,P0457,10,1200.0,2025-04-01,2026-03-31,New,GBP,1.27,False
E00411,C0052,P0182,2500,30000.0,2024-12-01,2025-11-30,New,USD,1.0,False
E00412,C0090,P0005,50,600.0,2025-11-01,2026-10-31,New,USD,1.0,False
E00413,C0030,P0461,25,600.0,2025-03-01,2026-02-28,New,USD,1.0,False
E00414,C0059,P0337,10,480.0,2025-07-01,2026-06-30,New,USD,1.0,False
E00415,C0085,P0220,500,,2025-06-01,2026-05-31,Renewal,USD,1.0,True
E00416,C0090,P0337,25,3000.0,2025-04-01,2026-03-31,New,GBP,1.27,False
E00417,C0084,P0453,1000,24000.0,2025-05-01,2026-04-30,New,USD,1.0,False
E00418,C0076,P0216,10,480.0,2025-04-01,2026-03-31,Renewal,USD,1.0,False
E00419,C0024,P0492,100,4800.0,2025-02-01,2026-01-31,New,GBP,1.27,False
E00420,C0039,P0366,2500,60000.0,2025-07-01,2026-06-30,New,USD,1.0,False
E00421,C0089,P0491,1000,12000.0,2025-06-01,2026-05-31,Renewal,USD,1.0,False
E00422,C0054,P0007,50,1200.0,2025-02-01,2026-01-31,New,USD,1.0,False
E00423,C0060,P0378,1000,12000.0,2025-05-01,2026-04-30,New,GBP,1.27,False
E00424,C0082,P0390,250,30000.0,2025-04-01,2026-03-31,New,USD,1.0,False
E00425,C0003,P0393,50,600.0,2025-02-01,2026-01-31,Renewal,USD,1.0,False
E00426,C0023,P0220,100,2400.0,2025-11-01,2026-10-31,Renewal,USD,1.0,False
E00427,C0092,P0438,50,1200.0,2025-01-01,2025-12-31,New,USD,1.0,False
E00428,C0020,P0099,1000,24000.0,2025-02-01,2026-01-31,New,USD,1.0,False
E00429,C0014,P0027,100,12000.0,2025-09-01,2026-08-31,New,USD,1.0,False
E00430,C0079,P0219,100,12000.0,2025-04-01,2026-03-31,New,USD,1.0,False
E00431,C0072,P0138,10,480.0,2025-06-01,2026-05-31,New,USD,1.0,False
E00432,C0020,P0459,1000,12000.0,2025-05-01,2026-04-30,New,USD,1.0,False
E00433,C0020,P0165,10,240.0,2024-12-01,2025-11-30,New,USD,1.0,False
E00434,C0091,P0130,25,3000.0,2025-04-01,2026-03-31,New,USD,1.0,False
E00435,C0091,P0007,25,600.0,2025-04-01,2026-03-31,New,USD,1.0,False
E00436,C0095,P0302,500,24000.0,2025-11-01,2026-10-31,New,USD,1.0,False
E00437,C0014,P0045,100,1200.0,2025-04-01,2026-03-31,New,USD,1.0,False
E00438,C0091,P0496,25,600.0,2025-11-01,2026-10-31,New,USD,1.0,False
E00439,C0045,P0280,25,1200.0,2025-07-01,2026-06-30,New,USD,1.0,False
E00440,C0090,P0079,100,1200.0,2025-07-01,2026-06-30,New,USD,1.0,False
E00441,C0054,P0389,250,12000.0,2025-06-01,2026-05-31,Renewal,EUR,1.09,False
E00442,C0027,P0035,25,3000.0,2025-07-01,2026-06-30,New,EUR,1.09,False
E00443,C0075,P0141,10,240.0,2025-08-01,2026-07-31,New,USD,1.0,False
E00444,C0096,P0356,10,240.0,2025-09-01,2026-08-31,Renewal,USD,1.0,False
E00445,C0014,P0446,2500,30000.0,2025-06-01,2026-05-31,New,USD,1.0,False
E00446,C0033,P0200,1000,120000.0,2025-08-01,2026-07-31,Renewal,USD,1.0,False
E00447,C0019,P0293,50,1200.0,2025-03-01,2026-02-28,Renewal,USD,1.0,False
E00448,C0038,P0369,2500,120000.0,2024-12-01,2025-11-30,New,USD,1.0,False
E00449,C0086,P0283,250,3000.0,2025-03-01,2026-02-28,New,USD,1.0,False
E00450,C0027,P0328,100,2400.0,2024-12-01,2025-11-30,Renewal,USD,1.0,False
E00451,C0038,P0405,50,600.0,2025-04-01,2026-03-31,Renewal,USD,1.0,False
E00452,C0018,P0001,100,4800.0,2025-03-01,2026-02-28,Renewal,USD,1.0,False
E00453,C0028,P0362,500,24000.0,2025-05-01,2026-04-30,Renewal,USD,1.0,False
E00454,C0059,P0030,250,3000.0,2025-06-01,2026-05-31,Renewal,USD,1.0,False
E00455,C0071,P0498,250,3000.0,2025-03-01,2026-02-28,Renewal,USD,1.0,False
E00456,C0083,P0353,25,3000.0,2025-09-01,2026-08-31,Renewal,USD,1.0,False
E00457,C0072,P0113,100,4800.0,2025-04-01,2026-03-31,New,EUR,1.09,False
E00458,C0064,P0119,1000,120000.0,2025-09-01,2026-08-31,New,USD,1.0,False
E00459,C0049,P0236,25,600.0,2025-07-01,2026-06-30,Renewal,USD,1.0,False
E00460,C0089,P0483,100,2400.0,2025-02-01,2026-01-31,Renewal,USD,1.0,False
E00461,C0024,P0091,250,30000.0,2024-12-01,2025-11-30,Renewal,USD,1.0,False
E00462,C0003,P0219,25,600.0,2025-03-01,2026-02-28,Renewal,USD,1.0,False
E00463,C0025,P0270,1000,24000.0,2025-10-01,2026-09-30,Renewal,USD,1.0,False
E00464,C0055,P0011,25,300.0,2024-12-01,2025-11-30,Renewal,USD,1.0,False
E00465,C0061,P0395,10,120.0,2025-10-01,2026-09-30,New,USD,1.0,False
E00466,C0099,P0005,10,120.0,2025-10-01,2026-09-30,Renewal,USD,1.0,False
E00467,C0092,P0246,25,3000.0,2025-05-01,2026-04-30,Renewal,USD,1.0,False
E00468,C0017,P0125,500,6000.0,2025-04-01,2026-03-31,Renewal,USD,1.0,False
E00469,C0062,P0023,25,300.0,2025-04-01,2026-03-31,Renewal,USD,1.0,False
E00470,C0047,P0468,1000,24000.0,2025-01-01,2025-12-31,New,USD,1.0,False
E00471,C0015,P0336,1000,48000.0,2025-06-01,2026-05-31,New,USD,1.0,False
E00472,C0075,P0367,1000,12000.0,2025-10-01,2026-09-30,Renewal,USD,1.0,False
E00473,C0047,P0490,100,4800.0,2025-01-01,2025-12-31,New,USD,1.0,False
E00474,C0052,P0473,500,6000.0,2025-09-01,2026-08-31,Renewal,USD,1.0,False
E00475,C0009,P0272,50,2400.0,2025-09-01,2026-08-31,Renewal,USD,1.0,False
E00476,C0032,P0342,1000,48000.0,2025-10-01,2026-09-30,Renewal,USD,1.0,False
E00477,C0055,P0139,500,60000.0,2025-04-01,2026-03-31,Renewal,EUR,1.09,False
E00478,C0074,P0442,25,600.0,2025-04-01,2026-03-31,Renewal,USD,1.0,False
E00479,C0054,P0229,500,60000.0,2025-02-01,2026-01-31,Renewal,USD,1.0,False
E00480,C0012,P0143,1000,24000.0,2025-01-01,2025-12-31,New,GBP,1.27,False
E80001,C0006,P0276,250,12000.0,2025-09-07,2026-09-06,Renewal,EUR,1.09,False
E80002,C0076,P0445,10,480.0,2025-09-10,2026-09-09,Renewal,USD,1.0,False
E80003,C0038,P0331,2500,30000.0,2025-08-18,2026-08-17,Renewal,USD,1.0,False
E80004,C0024,P0065,50,600.0,2025-07-24,2026-07-23,Renewal,GBP,1.27,False
E80005,C0010,P0166,10,1200.0,2026-01-22,2027-01-21,Renewal,EUR,1.09,False
E80006,C0025,P0050,50,2400.0,2025-11-20,2026-11-19,Renewal,USD,1.0,False
E80007,C0078,P0309,25,3000.0,2025-07-31,2026-07-30,Renewal,USD,1.0,False
E80008,C0044,P0104,100,1200.0,2025-10-27,2026-10-26,Renewal,USD,1.0,False
E90001,C0002,P0366,50,1188.7731300000287,2025-08-01,2026-07-31,Expansion,USD,1.0,False
E90002,C0076,P0445,20,1186.9674554369844,2025-08-01,2026-07-31,Expansion,USD,1.0,False
E90003,C0027,P0151,50,1261.0458692617788,2026-01-01,2026-12-31,Expansion,USD,1.0,False
E90004,C0084,P0267,20,512.7850043776008,2025-11-01,2026-10-31,Expansion,EUR,1.09,False
E90005,C0056,P0025,2000,19658.65532774993,2026-02-01,2027-01-31,Expansion,USD,1.0,False
E90006,C0040,P0397,500,29328.363208826264,2026-02-01,2027-01-31,Expansion,USD,1.0,False
E90007,C0054,P0389,500,29059.258840612303,2025-12-01,2026-11-30,Expansion,EUR,1.09,False
E90008,C0035,P0051,5000,112991.11265778227,2026-02-01,2027-01-31,Expansion,USD,1.0,False
E90009,C0062,P0023,50,614.8017782653174,2025-10-01,2026-09-30,Expansion,USD,1.0,False
E90010,C0087,P0347,2000,24464.966881314274,2026-03-01,2027-02-28,Expansion,USD,1.0,False
E90011,C0068,P0484,100,1195.5608436426867,2026-02-01,2027-01-31,Expansion,USD,1.0,False
E90012,C0004,P0054,200,2443.4550746208806,2025-12-01,2026-11-30,Expansion,USD,1.0,False
